Date,PX_LAST,PX_MID
2/5/2016,2.38,2.38
2/4/2016,2.39,2.39
2/3/2016,2.38,2.38
2/2/2016,2.36,2.36
2/1/2016,2.37,2.37
1/29/2016,2.34,2.34
1/28/2016,2.32,2.32
1/27/2016,2.31,2.31
1/26/2016,2.32,2.32
1/25/2016,2.3,2.3
1/22/2016,2.3,2.3
1/21/2016,2.26,2.26
1/20/2016,2.28,2.28
1/19/2016,2.32,2.32
1/18/2016,2.33,2.33
1/15/2016,2.31,2.31
1/14/2016,2.32,2.32
1/13/2016,2.32,2.32
1/12/2016,2.29,2.29
1/11/2016,2.29,2.29
1/8/2016,2.3,2.3
1/7/2016,2.29,2.29
1/6/2016,2.3,2.3
1/5/2016,2.31,2.31
1/4/2016,2.29,2.29
12/30/2015,2.33,2.33
12/29/2015,2.37,2.37
12/28/2015,2.39,2.39
12/23/2015,2.34,2.34
12/22/2015,2.32,2.32
12/21/2015,2.3,2.3
12/18/2015,2.34,2.34
12/17/2015,2.36,2.36
12/16/2015,2.34,2.34
12/15/2015,2.36,2.36
12/14/2015,2.35,2.35
12/11/2015,2.35,2.35
12/10/2015,2.39,2.39
12/9/2015,2.41,2.41
12/8/2015,2.37,2.37
12/7/2015,2.4,2.4
12/4/2015,2.44,2.44
12/3/2015,2.44,2.44
12/2/2015,2.38,2.38
12/1/2015,2.37,2.37
11/30/2015,2.35,2.35
11/27/2015,2.41,2.41
11/26/2015,2.45,2.45
11/25/2015,2.44,2.44
11/24/2015,2.48,2.48
11/23/2015,2.46,2.46
11/19/2015,2.46,2.46
11/18/2015,2.43,2.43
11/17/2015,2.4,2.4
11/16/2015,2.4,2.4
11/13/2015,2.4,2.4
11/12/2015,2.44,2.44
11/11/2015,2.41,2.41
11/10/2015,2.38,2.38
11/9/2015,2.37,2.37
11/6/2015,2.37,2.37
11/5/2015,2.35,2.35
11/4/2015,2.29,2.29
11/3/2015,2.3,2.3
10/30/2015,2.25,2.25
10/29/2015,2.25,2.25
10/28/2015,2.2,2.2
10/27/2015,2.17,2.17
10/26/2015,2.14,2.14
10/23/2015,2.1,2.1
10/22/2015,2.06,2.06
10/21/2015,2.05,2.05
10/20/2015,2.06,2.06
10/19/2015,2.03,2.03
10/16/2015,2.04,2.04
10/15/2015,1.98,1.98
10/14/2015,1.94,1.94
10/13/2015,1.85,1.85
10/9/2015,1.88,1.88
10/8/2015,1.82,1.82
10/7/2015,1.77,1.77
10/6/2015,1.75,1.75
10/5/2015,1.73,1.73
10/2/2015,1.67,1.67
10/1/2015,1.64,1.64
9/30/2015,1.62,1.62
9/29/2015,1.59,1.59
9/28/2015,1.57,1.57
9/25/2015,1.6,1.6
9/24/2015,1.54,1.54
9/23/2015,1.52,1.52
9/22/2015,1.55,1.55
9/21/2015,1.57,1.57
9/18/2015,1.56,1.56
9/17/2015,1.61,1.61
9/16/2015,1.61,1.61
9/15/2015,1.59,1.59
9/14/2015,1.61,1.61
9/11/2015,1.57,1.57
9/10/2015,1.55,1.55
9/9/2015,1.58,1.58
9/8/2015,1.55,1.55
9/4/2015,1.53,1.53
9/3/2015,1.57,1.57
9/2/2015,1.56,1.56
9/1/2015,1.58,1.58
8/31/2015,1.61,1.61
8/28/2015,1.64,1.64
8/27/2015,1.65,1.65
8/26/2015,1.64,1.64
8/25/2015,1.64,1.64
8/24/2015,1.65,1.65
8/21/2015,1.69,1.69
8/20/2015,1.71,1.71
8/19/2015,1.7,1.7
8/18/2015,1.71,1.71
8/17/2015,1.7,1.7
8/14/2015,1.7,1.7
8/13/2015,1.7,1.7
8/12/2015,1.72,1.72
8/11/2015,1.71,1.71
8/10/2015,1.73,1.73
8/7/2015,1.7,1.7
8/6/2015,1.69,1.69
8/5/2015,1.72,1.72
8/4/2015,1.74,1.74
8/3/2015,1.74,1.74
7/31/2015,1.76,1.76
7/30/2015,1.78,1.78
7/29/2015,1.8,1.8
7/28/2015,1.78,1.78
7/27/2015,1.79,1.79
7/24/2015,1.79,1.79
7/23/2015,1.83,1.83
7/22/2015,1.87,1.87
7/21/2015,1.89,1.89
7/20/2015,1.88,1.88
7/17/2015,1.87,1.87
7/16/2015,1.9,1.9
7/15/2015,1.91,1.91
7/14/2015,1.91,1.91
7/13/2015,1.91,1.91
7/10/2015,1.88,1.88
7/8/2015,1.85,1.85
7/7/2015,1.88,1.88
7/6/2015,1.9,1.9
7/3/2015,1.9,1.9
7/2/2015,1.93,1.93
7/1/2015,1.91,1.91
6/30/2015,1.93,1.93
6/29/2015,1.92,1.92
6/26/2015,1.91,1.91
6/25/2015,1.93,1.93
6/24/2015,1.96,1.96
6/23/2015,1.97,1.97
6/22/2015,1.97,1.97
6/19/2015,1.96,1.96
6/18/2015,1.99,1.99
6/17/2015,1.98,1.98
6/16/2015,1.97,1.97
6/15/2015,1.94,1.94
6/12/2015,1.96,1.96
6/11/2015,1.97,1.97
6/10/2015,1.96,1.96
6/9/2015,1.97,1.97
6/8/2015,1.97,1.97
6/5/2015,1.94,1.94
6/3/2015,1.97,1.97
6/2/2015,1.97,1.97
6/1/2015,1.94,1.94
5/29/2015,1.93,1.93
5/28/2015,1.96,1.96
5/27/2015,1.97,1.97
5/26/2015,1.96,1.96
5/25/2015,2,2
5/22/2015,2,2
5/21/2015,2.02,2.02
5/20/2015,2.03,2.03
5/19/2015,2.01,2.01
5/18/2015,2.02,2.02
5/15/2015,2.04,2.04
5/14/2015,2.03,2.03
5/13/2015,2.01,2.01
5/12/2015,2.02,2.02
5/11/2015,2,2
5/8/2015,2.04,2.04
5/7/2015,2.04,2.04
5/6/2015,2.02,2.02
5/5/2015,2,2
5/4/2015,1.99,1.99
4/30/2015,2.05,2.05
4/29/2015,2.09,2.09
4/28/2015,2.11,2.11
4/27/2015,2.12,2.12
4/24/2015,2.09,2.09
4/23/2015,2.07,2.07
4/22/2015,2.04,2.04
4/20/2015,2.03,2.03
4/17/2015,2.03,2.03
4/16/2015,2.04,2.04
4/15/2015,2.02,2.02
4/14/2015,2.01,2.01
4/13/2015,1.97,1.97
4/10/2015,1.99,1.99
4/9/2015,2,2
4/8/2015,2.01,2.01
4/7/2015,1.97,1.97
4/6/2015,1.97,1.97
4/2/2015,1.97,1.97
4/1/2015,1.94,1.94
3/31/2015,1.92,1.92
3/30/2015,1.91,1.91
3/27/2015,1.89,1.89
3/26/2015,1.93,1.93
3/25/2015,1.92,1.92
3/24/2015,1.96,1.96
3/23/2015,1.95,1.95
3/20/2015,1.89,1.89
3/19/2015,1.85,1.85
3/18/2015,1.9,1.9
3/17/2015,1.88,1.88
3/16/2015,1.89,1.89
3/13/2015,1.88,1.88
3/12/2015,1.94,1.94
3/11/2015,1.98,1.98
3/10/2015,1.99,1.99
3/9/2015,1.98,1.98
3/6/2015,2.03,2.03
3/5/2015,2.06,2.06
3/4/2015,2.07,2.07
3/3/2015,2.11,2.11
3/2/2015,2.13,2.13
2/27/2015,2.16,2.16
2/26/2015,2.14,2.14
2/25/2015,2.15,2.15
2/24/2015,2.17,2.17
2/23/2015,2.14,2.14
2/20/2015,2.15,2.15
2/19/2015,2.15,2.15
2/18/2015,2.17,2.17
2/13/2015,2.18,2.18
2/12/2015,2.18,2.18
2/11/2015,2.15,2.15
2/10/2015,2.19,2.19
2/9/2015,2.23,2.23
2/6/2015,2.24,2.24
2/5/2015,2.26,2.26
2/4/2015,2.26,2.26
2/3/2015,2.31,2.31
2/2/2015,2.29,2.29
1/30/2015,2.3,2.3
1/29/2015,2.37,2.37
1/28/2015,2.4,2.4
1/27/2015,2.4,2.4
1/26/2015,2.39,2.39
1/23/2015,2.41,2.41
1/22/2015,2.41,2.41
1/21/2015,2.38,2.38
1/20/2015,2.37,2.37
1/19/2015,2.34,2.34
1/16/2015,2.36,2.36
1/15/2015,2.36,2.36
1/14/2015,2.38,2.38
1/13/2015,2.37,2.37
1/12/2015,2.33,2.33
1/9/2015,2.36,2.36
1/8/2015,2.33,2.33
1/7/2015,2.29,2.29
1/6/2015,2.3,2.3
1/5/2015,2.28,2.28
1/2/2015,2.3,2.3
12/30/2014,2.33,2.33
12/29/2014,2.29,2.29
12/26/2014,2.31,2.31
12/23/2014,2.29,2.29
12/22/2014,2.33,2.33
12/19/2014,2.33,2.33
12/18/2014,2.34,2.34
12/17/2014,2.29,2.29
12/16/2014,2.26,2.26
12/15/2014,2.31,2.31
12/12/2014,2.32,2.32
12/11/2014,2.34,2.34
12/10/2014,2.38,2.38
12/9/2014,2.39,2.39
12/8/2014,2.38,2.38
12/5/2014,2.42,2.42
12/4/2014,2.41,2.41
12/3/2014,2.44,2.44
12/2/2014,2.42,2.42
12/1/2014,2.43,2.43
11/28/2014,2.42,2.42
11/27/2014,2.48,2.48
11/26/2014,2.47,2.47
11/25/2014,2.44,2.44
11/24/2014,2.42,2.42
11/21/2014,2.46,2.46
11/19/2014,2.4,2.4
11/18/2014,2.38,2.38
11/17/2014,2.37,2.37
11/14/2014,2.34,2.34
11/13/2014,2.34,2.34
11/12/2014,2.37,2.37
11/11/2014,2.36,2.36
11/10/2014,2.37,2.37
11/7/2014,2.37,2.37
11/6/2014,2.38,2.38
11/5/2014,2.41,2.41
11/4/2014,2.41,2.41
11/3/2014,2.41,2.41
10/31/2014,2.44,2.44
10/30/2014,2.49,2.49
10/29/2014,2.43,2.43
10/28/2014,2.42,2.42
10/27/2014,2.37,2.37
10/24/2014,2.43,2.43
10/23/2014,2.39,2.39
10/22/2014,2.41,2.41
10/21/2014,2.42,2.42
10/20/2014,2.43,2.43
10/17/2014,2.45,2.45
10/16/2014,2.42,2.42
10/15/2014,2.44,2.44
10/14/2014,2.48,2.48
10/13/2014,2.49,2.49
10/10/2014,2.46,2.46
10/9/2014,2.47,2.47
10/8/2014,2.46,2.46
10/7/2014,2.44,2.44
10/6/2014,2.42,2.42
10/3/2014,2.37,2.37
10/2/2014,2.35,2.35
10/1/2014,2.35,2.35
9/30/2014,2.38,2.38
9/29/2014,2.37,2.37
9/26/2014,2.41,2.41
9/25/2014,2.39,2.39
9/24/2014,2.44,2.44
9/23/2014,2.42,2.42
9/22/2014,2.43,2.43
9/19/2014,2.46,2.46
9/18/2014,2.47,2.47
9/17/2014,2.48,2.48
9/16/2014,2.51,2.51
9/15/2014,2.49,2.49
9/12/2014,2.5,2.5
9/11/2014,2.55,2.55
9/10/2014,2.55,2.55
9/9/2014,2.55,2.55
9/8/2014,2.58,2.58
9/5/2014,2.6,2.6
9/4/2014,2.61,2.61
9/3/2014,2.59,2.59
9/2/2014,2.58,2.58
9/1/2014,2.59,2.59
8/29/2014,2.58,2.58
8/28/2014,2.56,2.56
8/27/2014,2.57,2.57
8/26/2014,2.57,2.57
8/25/2014,2.55,2.55
8/22/2014,2.56,2.56
8/21/2014,2.58,2.58
8/20/2014,2.59,2.59
8/19/2014,2.6,2.6
8/18/2014,2.59,2.59
8/15/2014,2.58,2.58
8/14/2014,2.58,2.58
8/13/2014,2.57,2.57
8/12/2014,2.57,2.57
8/11/2014,2.58,2.58
8/8/2014,2.56,2.56
8/7/2014,2.57,2.57
8/6/2014,2.59,2.59
8/5/2014,2.58,2.58
8/4/2014,2.61,2.61
8/1/2014,2.61,2.61
7/31/2014,2.62,2.62
7/30/2014,2.66,2.66
7/29/2014,2.68,2.68
7/28/2014,2.69,2.69
7/25/2014,2.68,2.68
7/24/2014,2.68,2.68
7/23/2014,2.69,2.69
7/22/2014,2.7,2.7
7/21/2014,2.68,2.68
7/18/2014,2.67,2.67
7/17/2014,2.65,2.65
7/16/2014,2.68,2.68
7/15/2014,2.68,2.68
7/14/2014,2.69,2.69
7/11/2014,2.68,2.68
7/10/2014,2.71,2.71
7/8/2014,2.73,2.73
7/7/2014,2.71,2.71
7/4/2014,2.73,2.73
7/3/2014,2.73,2.73
7/2/2014,2.72,2.72
7/1/2014,2.74,2.74
6/30/2014,2.73,2.73
6/27/2014,2.75,2.75
6/26/2014,2.73,2.73
6/25/2014,2.73,2.73
6/24/2014,2.7,2.7
6/23/2014,2.72,2.72
6/20/2014,2.7,2.7
6/18/2014,2.71,2.71
6/17/2014,2.67,2.67
6/16/2014,2.7,2.7
6/13/2014,2.7,2.7
6/11/2014,2.7,2.7
6/10/2014,2.71,2.71
6/9/2014,2.71,2.71
6/6/2014,2.69,2.69
6/5/2014,2.68,2.68
6/4/2014,2.64,2.64
6/3/2014,2.64,2.64
6/2/2014,2.65,2.65
5/30/2014,2.69,2.69
5/29/2014,2.71,2.71
5/28/2014,2.69,2.69
5/27/2014,2.68,2.68
5/26/2014,2.71,2.71
5/23/2014,2.71,2.71
5/22/2014,2.71,2.71
5/21/2014,2.73,2.73
5/20/2014,2.72,2.72
5/19/2014,2.73,2.73
5/16/2014,2.73,2.73
5/15/2014,2.71,2.71
5/14/2014,2.73,2.73
5/13/2014,2.72,2.72
5/12/2014,2.71,2.71
5/9/2014,2.72,2.72
5/8/2014,2.74,2.74
5/7/2014,2.76,2.76
5/6/2014,2.75,2.75
5/5/2014,2.73,2.73
5/2/2014,2.77,2.77
4/30/2014,2.76,2.76
4/29/2014,2.76,2.76
4/28/2014,2.76,2.76
4/25/2014,2.78,2.78
4/24/2014,2.8,2.8
4/23/2014,2.8,2.8
4/22/2014,2.78,2.78
4/17/2014,2.78,2.78
4/16/2014,2.79,2.79
4/15/2014,2.8,2.8
4/14/2014,2.82,2.82
4/11/2014,2.81,2.81
4/10/2014,2.83,2.83
4/9/2014,2.85,2.85
4/8/2014,2.85,2.85
4/7/2014,2.84,2.84
4/4/2014,2.8,2.8
4/3/2014,2.76,2.76
4/2/2014,2.79,2.79
4/1/2014,2.8,2.8
3/31/2014,2.8,2.8
3/28/2014,2.82,2.82
3/27/2014,2.82,2.82
3/26/2014,2.76,2.76
3/25/2014,2.76,2.76
3/24/2014,2.75,2.75
3/21/2014,2.74,2.74
3/20/2014,2.75,2.75
3/19/2014,2.72,2.72
3/18/2014,2.73,2.73
3/17/2014,2.7,2.7
3/14/2014,2.69,2.69
3/13/2014,2.66,2.66
3/12/2014,2.66,2.66
3/11/2014,2.65,2.65
3/10/2014,2.66,2.66
3/7/2014,2.62,2.62
3/6/2014,2.61,2.61
3/5/2014,2.6,2.6
2/28/2014,2.57,2.57
2/27/2014,2.58,2.58
2/26/2014,2.56,2.56
2/25/2014,2.57,2.57
2/24/2014,2.56,2.56
2/21/2014,2.53,2.53
2/20/2014,2.56,2.56
2/19/2014,2.54,2.54
2/18/2014,2.54,2.54
2/17/2014,2.54,2.54
2/14/2014,2.55,2.55
2/13/2014,2.54,2.54
2/12/2014,2.52,2.52
2/11/2014,2.57,2.57
2/10/2014,2.57,2.57
2/7/2014,2.59,2.59
2/6/2014,2.59,2.59
2/5/2014,2.57,2.57
2/4/2014,2.54,2.54
2/3/2014,2.52,2.52
1/31/2014,2.53,2.53
1/30/2014,2.54,2.54
1/29/2014,2.52,2.52
1/28/2014,2.53,2.53
1/27/2014,2.53,2.53
1/24/2014,2.55,2.55
1/23/2014,2.54,2.54
1/22/2014,2.58,2.58
1/21/2014,2.59,2.59
1/20/2014,2.63,2.63
1/17/2014,2.62,2.62
1/16/2014,2.6,2.6
1/15/2014,2.61,2.61
1/14/2014,2.61,2.61
1/13/2014,2.61,2.61
1/10/2014,2.6,2.6
1/9/2014,2.56,2.56
1/8/2014,2.56,2.56
1/7/2014,2.58,2.58
1/6/2014,2.58,2.58
1/3/2014,2.61,2.61
1/2/2014,2.58,2.58
12/30/2013,2.62,2.62
12/27/2013,2.63,2.63
12/26/2013,2.61,2.61
12/23/2013,2.61,2.61
12/20/2013,2.59,2.59
12/19/2013,2.63,2.63
12/18/2013,2.65,2.65
12/17/2013,2.66,2.66
12/16/2013,2.65,2.65
12/13/2013,2.65,2.65
12/12/2013,2.64,2.64
12/11/2013,2.64,2.64
12/10/2013,2.67,2.67
12/9/2013,2.66,2.66
12/6/2013,2.65,2.65
12/5/2013,2.62,2.62
12/4/2013,2.6,2.6
12/3/2013,2.61,2.61
12/2/2013,2.64,2.64
11/29/2013,2.67,2.67
11/28/2013,2.7,2.7
11/27/2013,2.7,2.7
11/26/2013,2.72,2.72
11/25/2013,2.75,2.75
11/22/2013,2.75,2.75
11/21/2013,2.75,2.75
11/19/2013,2.79,2.79
11/18/2013,2.8,2.8
11/14/2013,2.74,2.74
11/13/2013,2.73,2.73
11/12/2013,2.73,2.73
11/11/2013,2.73,2.73
11/8/2013,2.76,2.76
11/7/2013,2.78,2.78
11/6/2013,2.8,2.8
11/5/2013,2.78,2.78
11/4/2013,2.83,2.83
11/1/2013,2.83,2.83
10/31/2013,2.83,2.83
10/30/2013,2.88,2.88
10/29/2013,2.89,2.89
10/28/2013,2.88,2.88
10/25/2013,2.87,2.87
10/24/2013,2.83,2.83
10/23/2013,2.84,2.84
10/22/2013,2.84,2.84
10/21/2013,2.82,2.82
10/18/2013,2.8,2.8
10/17/2013,2.82,2.82
10/16/2013,2.8,2.8
10/15/2013,2.77,2.77
10/14/2013,2.75,2.75
10/11/2013,2.75,2.75
10/10/2013,2.75,2.75
10/9/2013,2.72,2.72
10/8/2013,2.71,2.71
10/7/2013,2.69,2.69
10/4/2013,2.63,2.63
10/3/2013,2.63,2.63
10/2/2013,2.62,2.62
10/1/2013,2.59,2.59
9/30/2013,2.6,2.6
9/27/2013,2.55,2.55
9/26/2013,2.55,2.55
9/25/2013,2.57,2.57
9/24/2013,2.6,2.6
9/23/2013,2.6,2.6
9/20/2013,2.59,2.59
9/19/2013,2.57,2.57
9/18/2013,2.57,2.57
9/17/2013,2.49,2.49
9/16/2013,2.47,2.47
9/13/2013,2.46,2.46
9/12/2013,2.46,2.46
9/11/2013,2.46,2.46
9/10/2013,2.44,2.44
9/9/2013,2.45,2.45
9/6/2013,2.42,2.42
9/5/2013,2.39,2.39
9/4/2013,2.36,2.36
9/3/2013,2.35,2.35
9/2/2013,2.34,2.34
8/30/2013,2.34,2.34
8/29/2013,2.34,2.34
8/28/2013,2.36,2.36
8/27/2013,2.33,2.33
8/26/2013,2.31,2.31
8/23/2013,2.34,2.34
8/22/2013,2.25,2.25
8/21/2013,2.24,2.24
8/20/2013,2.28,2.28
8/19/2013,2.26,2.26
8/16/2013,2.29,2.29
8/15/2013,2.33,2.33
8/14/2013,2.35,2.35
8/13/2013,2.37,2.37
8/12/2013,2.39,2.39
8/9/2013,2.4,2.4
8/8/2013,2.4,2.4
8/7/2013,2.36,2.36
8/6/2013,2.37,2.37
8/5/2013,2.37,2.37
8/2/2013,2.4,2.4
8/1/2013,2.37,2.37
7/31/2013,2.4,2.4
7/30/2013,2.4,2.4
7/29/2013,2.41,2.41
7/26/2013,2.42,2.42
7/25/2013,2.44,2.44
7/24/2013,2.41,2.41
7/23/2013,2.44,2.44
7/22/2013,2.42,2.42
7/19/2013,2.43,2.43
7/18/2013,2.44,2.44
7/17/2013,2.44,2.44
7/16/2013,2.41,2.41
7/15/2013,2.44,2.44
7/12/2013,2.4,2.4
7/11/2013,2.41,2.41
7/10/2013,2.39,2.39
7/8/2013,2.41,2.41
7/5/2013,2.44,2.44
7/4/2013,2.44,2.44
7/3/2013,2.42,2.42
7/2/2013,2.44,2.44
7/1/2013,2.46,2.46
6/28/2013,2.43,2.43
6/27/2013,2.47,2.47
6/26/2013,2.48,2.48
6/25/2013,2.45,2.45
6/24/2013,2.43,2.43
6/21/2013,2.4,2.4
6/20/2013,2.39,2.39
6/19/2013,2.44,2.44
6/18/2013,2.48,2.48
6/17/2013,2.49,2.49
6/14/2013,2.52,2.52
6/13/2013,2.52,2.52
6/12/2013,2.5,2.5
6/11/2013,2.52,2.52
6/10/2013,2.51,2.51
6/7/2013,2.52,2.52
6/6/2013,2.55,2.55
6/5/2013,2.54,2.54
6/4/2013,2.53,2.53
6/3/2013,2.54,2.54
5/31/2013,2.53,2.53
5/29/2013,2.57,2.57
5/28/2013,2.61,2.61
5/27/2013,2.63,2.63
5/24/2013,2.63,2.63
5/23/2013,2.64,2.64
5/22/2013,2.67,2.67
5/21/2013,2.7,2.7
5/20/2013,2.7,2.7
5/17/2013,2.72,2.72
5/16/2013,2.73,2.73
5/15/2013,2.75,2.75
5/14/2013,2.76,2.76
5/13/2013,2.76,2.76
5/10/2013,2.74,2.74
5/9/2013,2.75,2.75
5/8/2013,2.78,2.78
5/7/2013,2.77,2.77
5/6/2013,2.76,2.76
5/3/2013,2.77,2.77
5/2/2013,2.77,2.77
4/30/2013,2.79,2.79
4/29/2013,2.78,2.78
4/26/2013,2.79,2.79
4/25/2013,2.77,2.77
4/24/2013,2.76,2.76
4/23/2013,2.74,2.74
4/22/2013,2.74,2.74
4/19/2013,2.76,2.76
4/18/2013,2.72,2.72
4/17/2013,2.73,2.73
4/16/2013,2.72,2.72
4/15/2013,2.73,2.73
4/12/2013,2.76,2.76
4/11/2013,2.77,2.77
4/10/2013,2.78,2.78
4/9/2013,2.77,2.77
4/8/2013,2.77,2.77
4/5/2013,2.79,2.79
4/4/2013,2.76,2.76
4/3/2013,2.75,2.75
4/2/2013,2.75,2.75
4/1/2013,2.76,2.76
3/28/2013,2.76,2.76
3/27/2013,2.76,2.76
3/26/2013,2.74,2.74
3/25/2013,2.73,2.73
3/22/2013,2.73,2.73
3/21/2013,2.74,2.74
3/20/2013,2.77,2.77
3/19/2013,2.79,2.79
3/18/2013,2.78,2.78
3/15/2013,2.8,2.8
3/14/2013,2.79,2.79
3/12/2013,3.03,3.03
3/11/2013,3.04,3.04
3/8/2013,3.05,3.05
3/7/2013,3.05,3.05
3/6/2013,3.05,3.05
3/5/2013,3.06,3.06
3/4/2013,3.04,3.04
3/1/2013,3.03,3.03
2/28/2013,3.1,3.1
2/27/2013,3.1,3.1
2/26/2013,3.09,3.09
2/25/2013,3.1,3.1
2/22/2013,3.12,3.12
2/21/2013,3.11,3.11
2/20/2013,3.13,3.13
2/19/2013,3.14,3.14
2/18/2013,3.14,3.14
2/15/2013,3.14,3.14
2/14/2013,3.16,3.16
2/13/2013,3.16,3.16
2/8/2013,3.13,3.13
2/7/2013,3.14,3.14
2/6/2013,3.11,3.11
2/5/2013,3.11,3.11
2/4/2013,3.1,3.1
2/1/2013,3.14,3.14
1/31/2013,3.13,3.13
1/30/2013,3.1,3.1
1/29/2013,3.11,3.11
1/28/2013,3.09,3.09
1/25/2013,3.04,3.04
1/24/2013,3.06,3.06
1/23/2013,3.07,3.07
1/22/2013,3.09,3.09
1/21/2013,3.1,3.1
1/18/2013,3.12,3.12
1/17/2013,3.13,3.13
1/16/2013,3.13,3.13
1/15/2013,3.13,3.13
1/14/2013,3.14,3.14
1/11/2013,3.11,3.11
1/10/2013,3.1,3.1
1/9/2013,3.11,3.11
1/8/2013,3.11,3.11
1/7/2013,3.17,3.17
1/4/2013,3.16,3.16
1/3/2013,3.15,3.15
1/2/2013,3.14,3.14
12/28/2012,3.16,3.16
12/27/2012,3.18,3.18
12/26/2012,3.18,3.18
12/21/2012,3.15,3.15
12/20/2012,3.14,3.14
12/19/2012,3.15,3.15
12/18/2012,3.1,3.1
12/17/2012,3.09,3.09
12/14/2012,3.09,3.09
12/13/2012,3.11,3.11
12/12/2012,3.12,3.12
12/11/2012,3.12,3.12
12/10/2012,3.15,3.15
12/7/2012,3.16,3.16
12/6/2012,3.14,3.14
12/5/2012,3.11,3.11
12/4/2012,3.07,3.07
12/3/2012,3.07,3.07
11/30/2012,3.07,3.07
11/29/2012,3.14,3.14
11/28/2012,3.2,3.2
11/27/2012,3.21,3.21
11/26/2012,3.21,3.21
11/23/2012,3.2,3.2
11/22/2012,3.18,3.18
11/21/2012,3.14,3.14
11/20/2012,3.17,3.17
11/19/2012,3.18,3.18
11/16/2012,3.19,3.19
11/14/2012,3.19,3.19
11/13/2012,3.22,3.22
11/12/2012,3.26,3.26
11/9/2012,3.28,3.28
11/8/2012,3.26,3.26
11/7/2012,3.25,3.25
11/6/2012,3.26,3.26
11/5/2012,3.3,3.3
11/1/2012,3.28,3.28
10/31/2012,3.31,3.31
10/30/2012,3.29,3.29
10/29/2012,3.31,3.31
10/26/2012,3.3,3.3
10/25/2012,3.33,3.33
10/24/2012,3.33,3.33
10/23/2012,3.34,3.34
10/22/2012,3.37,3.37
10/19/2012,3.37,3.37
10/18/2012,3.38,3.38
10/17/2012,3.36,3.36
10/16/2012,3.33,3.33
10/15/2012,3.37,3.37
10/11/2012,3.31,3.31
10/10/2012,3.33,3.33
10/9/2012,3.31,3.31
10/8/2012,3.34,3.34
10/5/2012,3.34,3.34
10/4/2012,3.34,3.34
10/3/2012,3.37,3.37
10/2/2012,3.34,3.34
10/1/2012,3.37,3.37
9/28/2012,3.39,3.39
9/27/2012,3.36,3.36
9/26/2012,3.35,3.35
9/25/2012,3.38,3.38
9/24/2012,3.37,3.37
9/21/2012,3.37,3.37
9/20/2012,3.4,3.4
9/19/2012,3.41,3.41
9/18/2012,3.45,3.45
9/17/2012,3.43,3.43
9/14/2012,3.39,3.39
9/13/2012,3.44,3.44
9/12/2012,3.42,3.42
9/11/2012,3.49,3.49
9/10/2012,3.48,3.48
9/6/2012,3.47,3.47
9/5/2012,3.44,3.44
9/4/2012,3.42,3.42
9/3/2012,3.45,3.45
8/31/2012,3.45,3.45
8/30/2012,3.42,3.42
8/29/2012,3.42,3.42
8/28/2012,3.45,3.45
8/27/2012,3.48,3.48
8/24/2012,3.49,3.49
8/23/2012,3.51,3.51
8/22/2012,3.51,3.51
8/21/2012,3.53,3.53
8/20/2012,3.53,3.53
8/17/2012,3.55,3.55
8/16/2012,3.54,3.54
8/15/2012,3.53,3.53
8/14/2012,3.52,3.52
8/13/2012,3.52,3.52
8/10/2012,3.53,3.53
8/9/2012,3.51,3.51
8/8/2012,3.54,3.54
8/7/2012,3.55,3.55
8/6/2012,3.55,3.55
8/3/2012,3.54,3.54
8/2/2012,3.47,3.47
8/1/2012,3.49,3.49
7/31/2012,3.49,3.49
7/30/2012,3.5,3.5
7/27/2012,3.53,3.53
7/26/2012,3.54,3.54
7/25/2012,3.47,3.47
7/24/2012,3.43,3.43
7/23/2012,3.45,3.45
7/20/2012,3.45,3.45
7/19/2012,3.46,3.46
7/18/2012,3.44,3.44
7/17/2012,3.44,3.44
7/16/2012,3.4,3.4
7/13/2012,3.4,3.4
7/12/2012,3.4,3.4
7/11/2012,3.39,3.39
7/10/2012,3.35,3.35
7/6/2012,3.35,3.35
7/5/2012,3.34,3.34
7/4/2012,3.33,3.33
7/3/2012,3.36,3.36
7/2/2012,3.38,3.38
6/29/2012,3.35,3.35
6/28/2012,3.25,3.25
6/27/2012,3.25,3.25
6/26/2012,3.28,3.28
6/25/2012,3.28,3.28
6/22/2012,3.28,3.28
6/21/2012,3.3,3.3
6/20/2012,3.36,3.36
6/19/2012,3.35,3.35
6/18/2012,3.32,3.32
6/15/2012,3.35,3.35
6/14/2012,3.31,3.31
6/13/2012,3.27,3.27
6/12/2012,3.28,3.28
6/11/2012,3.3,3.3
6/8/2012,3.32,3.32
6/6/2012,3.33,3.33
6/5/2012,3.35,3.35
6/4/2012,3.31,3.31
6/1/2012,3.33,3.33
5/31/2012,3.38,3.38
5/30/2012,3.4,3.4
5/29/2012,3.49,3.49
5/28/2012,3.5,3.5
5/25/2012,3.45,3.45
5/24/2012,3.41,3.41
5/23/2012,3.41,3.41
5/22/2012,3.32,3.32
5/21/2012,3.39,3.39
5/18/2012,3.42,3.42
5/17/2012,3.46,3.46
5/16/2012,3.45,3.45
5/15/2012,3.46,3.46
5/14/2012,3.47,3.47
5/11/2012,3.52,3.52
5/10/2012,3.55,3.55
5/9/2012,3.51,3.51
5/8/2012,3.56,3.56
5/7/2012,3.6,3.6
5/4/2012,3.6,3.6
5/3/2012,3.6,3.6
5/2/2012,3.62,3.62
4/30/2012,3.7,3.7
4/27/2012,3.73,3.73
4/26/2012,3.72,3.72
4/25/2012,3.73,3.73
4/24/2012,3.75,3.75
4/23/2012,3.74,3.74
4/20/2012,3.78,3.78
4/19/2012,3.73,3.73
4/18/2012,3.76,3.76
4/17/2012,3.82,3.82
4/16/2012,3.84,3.84
4/13/2012,3.84,3.84
4/12/2012,3.88,3.88
4/11/2012,3.86,3.86
4/10/2012,3.86,3.86
4/9/2012,3.88,3.88
4/5/2012,3.87,3.87
4/4/2012,3.87,3.87
4/3/2012,3.85,3.85
4/2/2012,3.83,3.83
3/30/2012,3.84,3.84
3/29/2012,3.87,3.87
3/28/2012,3.86,3.86
3/27/2012,3.86,3.86
3/26/2012,3.86,3.86
3/23/2012,3.91,3.91
3/22/2012,3.9,3.9
3/21/2012,3.91,3.91
3/20/2012,3.91,3.91
3/19/2012,3.95,3.95
3/16/2012,3.95,3.95
3/15/2012,3.95,3.95
3/14/2012,3.93,3.93
3/13/2012,3.96,3.96
3/12/2012,3.96,3.96
3/9/2012,4.01,4.01
3/8/2012,4,4
3/7/2012,4.02,4.02
3/6/2012,4.03,4.03
3/5/2012,4.08,4.08
3/2/2012,4.09,4.09
3/1/2012,4.14,4.14
2/29/2012,4.15,4.15
2/28/2012,4.18,4.18
2/27/2012,4.17,4.17
2/24/2012,4.2,4.2
2/23/2012,4.18,4.18
2/22/2012,4.21,4.21
2/17/2012,4.19,4.19
2/16/2012,4.17,4.17
2/15/2012,4.14,4.14
2/14/2012,4.16,4.16
2/13/2012,4.17,4.17
2/10/2012,4.15,4.15
2/9/2012,4.22,4.22
2/8/2012,4.24,4.24
2/7/2012,4.22,4.22
2/6/2012,4.21,4.21
2/3/2012,4.23,4.23
2/2/2012,4.21,4.21
2/1/2012,4.19,4.19
1/31/2012,4.17,4.17
1/30/2012,4.15,4.15
1/27/2012,4.17,4.17
1/26/2012,4.19,4.19
1/25/2012,4.19,4.19
1/24/2012,4.21,4.21
1/23/2012,4.22,4.22
1/20/2012,4.23,4.23
1/19/2012,4.21,4.21
1/18/2012,4.21,4.21
1/17/2012,4.2,4.2
1/16/2012,4.18,4.18
1/13/2012,4.16,4.16
1/12/2012,4.21,4.21
1/11/2012,4.17,4.17
1/10/2012,4.18,4.18
1/9/2012,4.1,4.1
1/6/2012,4.07,4.07
1/5/2012,4.11,4.11
1/4/2012,4.15,4.15
1/3/2012,4.15,4.15
1/2/2012,4.04,4.04
12/29/2011,4.04,4.04
12/28/2011,4.03,4.03
12/27/2011,4.07,4.07
12/26/2011,4.08,4.08
12/23/2011,4.1,4.1
12/22/2011,4.11,4.11
12/21/2011,4.08,4.08
12/20/2011,4.11,4.11
12/19/2011,4.07,4.07
12/16/2011,4.09,4.09
12/15/2011,4.06,4.06
12/14/2011,4.09,4.09
12/13/2011,4.14,4.14
12/12/2011,4.16,4.16
12/9/2011,4.25,4.25
12/8/2011,4.25,4.25
12/7/2011,4.3,4.3
12/6/2011,4.29,4.29
12/5/2011,4.31,4.31
12/2/2011,4.31,4.31
12/1/2011,4.29,4.29
11/30/2011,4.25,4.25
11/29/2011,4.19,4.19
11/28/2011,4.17,4.17
11/25/2011,4.09,4.09
11/24/2011,4.09,4.09
11/23/2011,4.15,4.15
11/22/2011,4.27,4.27
11/21/2011,4.29,4.29
11/18/2011,4.33,4.33
11/17/2011,4.33,4.33
11/16/2011,4.36,4.36
11/14/2011,4.38,4.38
11/11/2011,4.44,4.44
11/10/2011,4.41,4.41
11/9/2011,4.39,4.39
11/8/2011,4.43,4.43
11/7/2011,4.41,4.41
11/4/2011,4.44,4.44
11/3/2011,4.45,4.45
11/1/2011,4.48,4.48
10/31/2011,4.55,4.55
10/28/2011,4.59,4.59
10/27/2011,4.47,4.47
10/26/2011,4.38,4.38
10/25/2011,4.37,4.37
10/24/2011,4.46,4.46
10/21/2011,4.39,4.39
10/20/2011,4.35,4.35
10/19/2011,4.38,4.38
10/18/2011,4.43,4.43
10/17/2011,4.44,4.44
10/14/2011,4.5,4.5
10/13/2011,4.45,4.45
10/11/2011,4.46,4.46
10/10/2011,4.41,4.41
10/7/2011,4.42,4.42
10/6/2011,4.37,4.37
10/5/2011,4.33,4.33
10/4/2011,4.21,4.21
10/3/2011,4.28,4.28
9/30/2011,4.28,4.28
9/29/2011,4.35,4.35
9/28/2011,4.41,4.41
9/27/2011,4.48,4.48
9/26/2011,4.42,4.42
9/23/2011,4.37,4.37
9/22/2011,4.32,4.32
9/21/2011,4.52,4.52
9/20/2011,4.66,4.66
9/19/2011,4.7,4.7
9/16/2011,4.87,4.87
9/15/2011,4.94,4.94
9/14/2011,4.86,4.86
9/13/2011,4.89,4.89
9/12/2011,4.89,4.89
9/9/2011,5.03,5.03
9/8/2011,5.14,5.14
9/6/2011,5.39,5.39
9/5/2011,5.2,5.2
9/2/2011,5.24,5.24
9/1/2011,5.29,5.29
8/31/2011,5.4,5.4
8/30/2011,5.4,5.4
8/29/2011,5.38,5.38
8/26/2011,5.35,5.35
8/25/2011,5.33,5.33
8/24/2011,5.35,5.35
8/23/2011,5.39,5.39
8/22/2011,5.39,5.39
8/19/2011,5.4,5.4
8/18/2011,5.33,5.33
8/17/2011,5.31,5.31
8/16/2011,5.3,5.3
8/15/2011,5.3,5.3
8/12/2011,5.2,5.2
8/11/2011,5.13,5.13
8/10/2011,5.07,5.07
8/9/2011,5.05,5.05
8/8/2011,4.98,4.98
8/5/2011,5.06,5.06
8/4/2011,5.02,5.02
8/3/2011,5.06,5.06
8/2/2011,5.02,5.02
8/1/2011,5.02,5.02
7/29/2011,5.05,5.05
7/28/2011,4.88,4.88
7/27/2011,4.91,4.91
7/26/2011,4.94,4.94
7/25/2011,4.85,4.85
7/22/2011,4.81,4.81
7/21/2011,4.82,4.82
7/20/2011,4.77,4.77
7/19/2011,4.64,4.64
7/18/2011,4.6,4.6
7/15/2011,4.61,4.61
7/14/2011,4.6,4.6
7/13/2011,4.58,4.58
7/12/2011,4.5,4.5
7/11/2011,4.49,4.49
7/8/2011,4.48,4.48
7/7/2011,4.5,4.5
7/6/2011,4.42,4.42
7/5/2011,4.4,4.4
7/4/2011,4.42,4.42
7/1/2011,4.41,4.41
6/30/2011,4.4,4.4
6/29/2011,4.36,4.36
6/28/2011,4.33,4.33
6/27/2011,4.26,4.26
6/24/2011,4.25,4.25
6/22/2011,4.32,4.32
6/21/2011,4.3,4.3
6/20/2011,4.28,4.28
6/17/2011,4.29,4.29
6/16/2011,4.29,4.29
6/15/2011,4.3,4.3
6/14/2011,4.41,4.41
6/13/2011,4.38,4.38
6/10/2011,4.36,4.36
6/9/2011,4.39,4.39
6/8/2011,4.41,4.41
6/7/2011,4.47,4.47
6/6/2011,4.48,4.48
6/3/2011,4.52,4.52
6/2/2011,4.5,4.5
6/1/2011,4.45,4.45
5/31/2011,4.56,4.56
5/30/2011,4.52,4.52
5/27/2011,4.5,4.5
5/26/2011,4.47,4.47
5/25/2011,4.45,4.45
5/24/2011,4.51,4.51
5/23/2011,4.52,4.52
5/20/2011,4.64,4.64
5/19/2011,4.58,4.58
5/18/2011,4.59,4.59
5/17/2011,4.57,4.57
5/16/2011,4.54,4.54
5/13/2011,4.55,4.55
5/12/2011,4.61,4.61
5/11/2011,4.63,4.63
5/10/2011,4.68,4.68
5/9/2011,4.62,4.62
5/6/2011,4.62,4.62
5/5/2011,4.59,4.59
5/4/2011,4.66,4.66
5/3/2011,4.7,4.7
5/2/2011,4.76,4.76
4/29/2011,4.76,4.76
4/28/2011,4.76,4.76
4/27/2011,4.86,4.86
4/26/2011,4.99,4.99
4/25/2011,5.01,5.01
4/20/2011,4.96,4.96
4/19/2011,4.93,4.93
4/18/2011,4.9,4.9
4/15/2011,4.95,4.95
4/14/2011,4.89,4.89
4/13/2011,4.85,4.85
4/12/2011,4.87,4.87
4/11/2011,4.91,4.91
4/8/2011,4.91,4.91
4/7/2011,4.95,4.95
4/6/2011,4.86,4.86
4/5/2011,4.88,4.88
4/4/2011,4.88,4.88
4/1/2011,4.89,4.89
3/31/2011,4.95,4.95
3/30/2011,4.96,4.96
3/29/2011,4.89,4.89
3/28/2011,4.88,4.88
3/25/2011,4.88,4.88
3/24/2011,4.89,4.89
3/23/2011,4.87,4.87
3/22/2011,4.87,4.87
3/21/2011,4.87,4.87
3/18/2011,4.81,4.81
3/17/2011,4.77,4.77
3/16/2011,4.78,4.78
3/15/2011,4.8,4.8
3/14/2011,4.81,4.81
3/11/2011,4.82,4.82
3/10/2011,4.84,4.84
3/9/2011,4.86,4.86
3/4/2011,4.87,4.87
3/3/2011,4.91,4.91
3/2/2011,4.88,4.88
3/1/2011,4.88,4.88
2/28/2011,4.9,4.9
2/25/2011,4.88,4.88
2/24/2011,4.97,4.97
2/23/2011,4.97,4.97
2/22/2011,4.99,4.99
2/21/2011,5.01,5.01
2/18/2011,5.05,5.05
2/17/2011,5.05,5.05
2/16/2011,5.01,5.01
2/15/2011,5.04,5.04
2/14/2011,5.04,5.04
2/11/2011,5.07,5.07
2/10/2011,5.06,5.06
2/9/2011,5.06,5.06
2/8/2011,5.05,5.05
2/7/2011,5.01,5.01
2/4/2011,5.04,5.04
2/3/2011,5.06,5.06
2/2/2011,5.07,5.07
2/1/2011,5.1,5.1
1/31/2011,5.08,5.08
1/28/2011,5.05,5.05
1/27/2011,5.08,5.08
1/26/2011,5.09,5.09
1/25/2011,5.1,5.1
1/24/2011,5.09,5.09
1/21/2011,5.08,5.08
1/20/2011,5.08,5.08
1/19/2011,5.08,5.08
1/18/2011,5.04,5.04
1/17/2011,5.05,5.05
1/14/2011,5.04,5.04
1/13/2011,5.03,5.03
1/12/2011,5.02,5.02
1/11/2011,4.96,4.96
1/10/2011,4.92,4.92
1/7/2011,4.96,4.96
1/6/2011,4.95,4.95
1/5/2011,4.97,4.97
1/4/2011,5,5
1/3/2011,5.07,5.07
12/30/2010,5,5
12/29/2010,4.96,4.96
12/28/2010,4.92,4.92
12/27/2010,4.93,4.93
12/23/2010,4.93,4.93
12/22/2010,4.92,4.92
12/21/2010,4.9,4.9
12/20/2010,4.88,4.88
12/17/2010,4.92,4.92
12/16/2010,4.96,4.96
12/15/2010,4.97,4.97
12/14/2010,5.02,5.02
12/13/2010,5.01,5.01
12/10/2010,5,5
12/9/2010,4.96,4.96
12/8/2010,4.98,4.98
12/7/2010,5.01,5.01
12/6/2010,5.02,5.02
12/3/2010,5.01,5.01
12/2/2010,5,5
12/1/2010,4.98,4.98
11/30/2010,4.97,4.97
11/29/2010,4.93,4.93
11/26/2010,4.91,4.91
11/25/2010,4.94,4.94
11/24/2010,4.96,4.96
11/23/2010,4.91,4.91
11/22/2010,4.91,4.91
11/19/2010,4.94,4.94
11/18/2010,4.96,4.96
11/17/2010,4.92,4.92
11/16/2010,4.88,4.88
11/12/2010,4.92,4.92
11/11/2010,4.94,4.94
11/10/2010,4.97,4.97
11/9/2010,4.95,4.95
11/8/2010,4.96,4.96
11/5/2010,4.92,4.92
11/4/2010,4.89,4.89
11/3/2010,4.83,4.83
11/1/2010,4.81,4.81
10/29/2010,4.82,4.82
10/28/2010,4.77,4.77
10/27/2010,4.74,4.74
10/26/2010,4.78,4.78
10/25/2010,4.78,4.78
10/22/2010,4.76,4.76
10/21/2010,4.79,4.79
10/20/2010,4.71,4.71
10/19/2010,4.66,4.66
10/18/2010,4.69,4.69
10/15/2010,4.7,4.7
10/14/2010,4.64,4.64
10/13/2010,4.67,4.67
10/11/2010,4.58,4.58
10/8/2010,4.57,4.57
10/7/2010,4.47,4.47
10/6/2010,4.39,4.39
10/5/2010,4.33,4.33
10/4/2010,4.26,4.26
10/1/2010,4.28,4.28
9/30/2010,4.22,4.22
9/29/2010,4.16,4.16
9/28/2010,4.1,4.1
9/27/2010,4.03,4.03
9/24/2010,4.02,4.02
9/23/2010,3.93,3.93
9/22/2010,3.81,3.81
9/21/2010,3.72,3.72
9/20/2010,3.69,3.69
9/17/2010,3.69,3.69
9/16/2010,3.69,3.69
9/15/2010,3.64,3.64
9/14/2010,3.64,3.64
9/13/2010,3.6,3.6
9/10/2010,3.55,3.55
9/9/2010,3.53,3.53
9/8/2010,3.42,3.42
9/6/2010,3.42,3.42
9/3/2010,3.4,3.4
9/2/2010,3.4,3.4
9/1/2010,3.35,3.35
8/31/2010,3.3,3.3
8/30/2010,3.29,3.29
8/27/2010,3.27,3.27
8/26/2010,3.22,3.22
8/25/2010,3.16,3.16
8/24/2010,3.14,3.14
8/23/2010,3.14,3.14
8/20/2010,3.15,3.15
8/19/2010,3.1,3.1
8/18/2010,3.11,3.11
8/17/2010,3.07,3.07
8/16/2010,3.05,3.05
8/13/2010,3.02,3.02
8/12/2010,2.99,2.99
8/11/2010,2.95,2.95
8/10/2010,2.93,2.93
8/9/2010,2.92,2.92
8/6/2010,2.9,2.9
8/5/2010,2.9,2.9
8/4/2010,2.88,2.88
8/3/2010,2.87,2.87
8/2/2010,2.87,2.87
7/30/2010,2.85,2.85
7/29/2010,2.84,2.84
7/28/2010,2.82,2.82
7/27/2010,2.81,2.81
7/26/2010,2.8,2.8
7/23/2010,2.81,2.81
7/22/2010,2.81,2.81
7/21/2010,2.76,2.76
7/20/2010,2.8,2.8
7/19/2010,2.78,2.78
7/16/2010,2.79,2.79
7/15/2010,2.8,2.8
7/14/2010,2.81,2.81
7/13/2010,2.84,2.84
7/12/2010,2.82,2.82
7/8/2010,2.79,2.79
7/7/2010,2.79,2.79
7/6/2010,2.77,2.77
7/5/2010,2.78,2.78
7/2/2010,2.77,2.77
7/1/2010,2.76,2.76
6/30/2010,2.72,2.72
6/29/2010,2.7,2.7
6/28/2010,2.74,2.74
6/25/2010,2.74,2.74
6/24/2010,2.72,2.72
6/23/2010,2.79,2.79
6/22/2010,2.81,2.81
6/21/2010,2.83,2.83
6/18/2010,2.83,2.83
6/17/2010,2.88,2.88
6/16/2010,2.89,2.89
6/15/2010,2.89,2.89
6/14/2010,2.86,2.86
6/11/2010,2.85,2.85
6/10/2010,2.87,2.87
6/9/2010,2.86,2.86
6/8/2010,2.88,2.88
6/7/2010,2.86,2.86
6/4/2010,2.89,2.89
6/2/2010,2.94,2.94
6/1/2010,2.94,2.94
5/31/2010,2.97,2.97
5/28/2010,2.98,2.98
5/27/2010,2.99,2.99
5/26/2010,2.96,2.96
5/25/2010,3.01,3.01
5/24/2010,3.08,3.08
5/21/2010,3.19,3.19
5/20/2010,3.26,3.26
5/19/2010,3.35,3.35
5/18/2010,3.38,3.38
5/17/2010,3.46,3.46
5/14/2010,3.47,3.47
5/13/2010,3.6,3.6
5/12/2010,3.6,3.6
5/11/2010,3.6,3.6
5/10/2010,3.62,3.62
5/7/2010,3.48,3.48
5/6/2010,3.59,3.59
5/5/2010,3.8,3.8
5/4/2010,3.91,3.91
5/3/2010,4.04,4.04
4/30/2010,4.08,4.08
4/29/2010,4.12,4.12
4/28/2010,4.18,4.18
4/27/2010,4.22,4.22
4/26/2010,4.33,4.33
4/23/2010,4.33,4.33
4/22/2010,4.34,4.34
4/20/2010,4.36,4.36
4/19/2010,4.42,4.42
4/16/2010,4.41,4.41
4/15/2010,4.4,4.4
4/14/2010,4.42,4.42
4/13/2010,4.41,4.41
4/12/2010,4.41,4.41
4/9/2010,4.37,4.37
4/8/2010,4.36,4.36
4/7/2010,4.36,4.36
4/6/2010,4.47,4.47
4/5/2010,4.51,4.51
4/1/2010,4.48,4.48
3/31/2010,4.46,4.46
3/30/2010,4.46,4.46
3/29/2010,4.5,4.5
3/26/2010,4.44,4.44
3/25/2010,4.48,4.48
3/24/2010,4.5,4.5
3/23/2010,4.6,4.6
3/22/2010,4.54,4.54
3/19/2010,4.59,4.59
3/18/2010,4.63,4.63
3/17/2010,4.68,4.68
3/16/2010,4.71,4.71
3/15/2010,4.72,4.72
3/12/2010,4.74,4.74
3/11/2010,4.69,4.69
3/10/2010,4.67,4.67
3/9/2010,4.65,4.65
3/8/2010,4.64,4.64
3/5/2010,4.68,4.68
3/4/2010,4.67,4.67
3/3/2010,4.67,4.67
3/2/2010,4.7,4.7
3/1/2010,4.71,4.71
2/26/2010,4.68,4.68
2/25/2010,4.6,4.6
2/24/2010,4.65,4.65
2/23/2010,4.66,4.66
2/22/2010,4.71,4.71
2/19/2010,4.72,4.72
2/18/2010,4.65,4.65
2/17/2010,4.64,4.64
2/12/2010,4.58,4.58
2/11/2010,4.62,4.62
2/10/2010,4.62,4.62
2/9/2010,4.59,4.59
2/8/2010,4.5,4.5
2/5/2010,4.46,4.46
2/4/2010,4.47,4.47
2/3/2010,4.57,4.57
2/2/2010,4.55,4.55
2/1/2010,4.48,4.48
1/29/2010,4.41,4.41
1/28/2010,4.29,4.29
1/27/2010,4.26,4.26
1/26/2010,4.3,4.3
1/25/2010,4.3,4.3
1/22/2010,4.26,4.26
1/21/2010,4.27,4.27
1/20/2010,4.28,4.28
1/19/2010,4.28,4.28
1/18/2010,4.29,4.29
1/15/2010,4.28,4.28
1/14/2010,4.35,4.35
1/13/2010,4.34,4.34
1/12/2010,4.36,4.36
1/11/2010,4.36,4.36
1/8/2010,4.38,4.38
1/7/2010,4.29,4.29
1/6/2010,4.23,4.23
1/5/2010,4.13,4.13
1/4/2010,4.11,4.11
12/30/2009,4.06,4.06
12/29/2009,4,4
12/28/2009,3.98,3.98
12/23/2009,3.86,3.86
12/22/2009,3.77,3.77
12/21/2009,3.73,3.73
12/18/2009,3.73,3.73
12/17/2009,3.69,3.69
12/16/2009,3.75,3.75
12/15/2009,3.72,3.72
12/14/2009,3.74,3.74
12/11/2009,3.71,3.71
12/10/2009,3.67,3.67
12/9/2009,3.66,3.66
12/8/2009,3.69,3.69
12/7/2009,3.77,3.77
12/4/2009,3.76,3.76
12/3/2009,3.8,3.8
12/2/2009,3.78,3.78
12/1/2009,3.79,3.79
11/30/2009,3.72,3.72
11/27/2009,3.74,3.74
11/26/2009,3.74,3.74
11/25/2009,3.79,3.79
11/24/2009,3.76,3.76
11/23/2009,3.77,3.77
11/20/2009,3.78,3.78
11/19/2009,3.78,3.78
11/18/2009,3.84,3.84
11/17/2009,3.82,3.82
11/16/2009,3.85,3.85
11/13/2009,3.83,3.83
11/12/2009,3.8,3.8
11/11/2009,3.84,3.84
11/10/2009,3.87,3.87
11/9/2009,3.9,3.9
11/6/2009,3.86,3.86
11/5/2009,3.85,3.85
11/4/2009,3.85,3.85
11/3/2009,3.85,3.85
10/30/2009,3.82,3.82
10/29/2009,3.89,3.89
10/28/2009,3.83,3.83
10/27/2009,3.87,3.87
10/26/2009,3.85,3.85
10/23/2009,3.91,3.91
10/22/2009,3.91,3.91
10/21/2009,3.9,3.9
10/20/2009,3.89,3.89
10/19/2009,3.97,3.97
10/16/2009,3.97,3.97
10/15/2009,4,4
10/14/2009,4.01,4.01
10/13/2009,3.95,3.95
10/9/2009,3.94,3.94
10/8/2009,3.94,3.94
10/7/2009,3.92,3.92
10/6/2009,3.91,3.91
10/5/2009,3.97,3.97
10/2/2009,3.93,3.93
10/1/2009,3.92,3.92
9/30/2009,3.9,3.9
9/29/2009,3.86,3.86
9/28/2009,3.84,3.84
9/25/2009,3.83,3.83
9/24/2009,3.82,3.82
9/23/2009,3.8,3.8
9/22/2009,3.72,3.72
9/21/2009,3.68,3.68
9/18/2009,3.69,3.69
9/17/2009,3.61,3.61
9/16/2009,3.61,3.61
9/15/2009,3.57,3.57
9/14/2009,3.55,3.55
9/11/2009,3.5,3.5
9/10/2009,3.52,3.52
9/9/2009,3.45,3.45
9/8/2009,3.46,3.46
9/4/2009,3.3,3.3
9/3/2009,3.17,3.17
9/2/2009,3.12,3.12
9/1/2009,3.01,3.01
8/31/2009,3.01,3.01
8/28/2009,3.01,3.01
8/27/2009,3.01,3.01
8/26/2009,3,3
8/25/2009,2.99,2.99
8/24/2009,2.99,2.99
8/21/2009,3.01,3.01
8/20/2009,2.88,2.88
8/19/2009,2.85,2.85
8/18/2009,2.82,2.82
8/17/2009,2.76,2.76
8/14/2009,2.78,2.78
8/13/2009,2.81,2.81
8/12/2009,2.8,2.8
8/11/2009,2.75,2.75
8/10/2009,2.74,2.74
8/7/2009,2.78,2.78
8/6/2009,2.75,2.75
8/5/2009,2.79,2.79
8/4/2009,2.77,2.77
8/3/2009,2.74,2.74
7/31/2009,2.7,2.7
7/30/2009,2.69,2.69
7/29/2009,2.63,2.63
7/28/2009,2.66,2.66
7/27/2009,2.66,2.66
7/24/2009,2.63,2.63
7/23/2009,2.65,2.65
7/22/2009,2.63,2.63
7/21/2009,2.62,2.62
7/20/2009,2.63,2.63
7/17/2009,2.6,2.6
7/16/2009,2.61,2.61
7/15/2009,2.59,2.59
7/14/2009,2.54,2.54
7/13/2009,2.53,2.53
7/10/2009,2.51,2.51
7/8/2009,2.5,2.5
7/7/2009,2.52,2.52
7/6/2009,2.56,2.56
7/3/2009,2.57,2.57
7/2/2009,2.58,2.58
7/1/2009,2.61,2.61
6/30/2009,2.56,2.56
6/29/2009,2.56,2.56
6/26/2009,2.59,2.59
6/25/2009,2.58,2.58
6/24/2009,2.54,2.54
6/23/2009,2.54,2.54
6/22/2009,2.49,2.49
6/19/2009,2.56,2.56
6/18/2009,2.56,2.56
6/17/2009,2.55,2.55
6/16/2009,2.58,2.58
6/15/2009,2.59,2.59
6/12/2009,2.63,2.63
6/10/2009,2.59,2.59
6/9/2009,2.62,2.62
6/8/2009,2.58,2.58
6/5/2009,2.59,2.59
6/4/2009,2.62,2.62
6/3/2009,2.59,2.59
6/2/2009,2.64,2.64
6/1/2009,2.6,2.6
5/29/2009,2.57,2.57
5/28/2009,2.52,2.52
5/27/2009,2.5,2.5
5/26/2009,2.5,2.5
5/25/2009,2.49,2.49
5/22/2009,2.49,2.49
5/21/2009,2.48,2.48
5/20/2009,2.49,2.49
5/19/2009,2.47,2.47
5/18/2009,2.43,2.43
5/15/2009,2.39,2.39
5/14/2009,2.42,2.42
5/13/2009,2.39,2.39
5/12/2009,2.43,2.43
5/11/2009,2.44,2.44
5/8/2009,2.45,2.45
5/7/2009,2.41,2.41
5/6/2009,2.41,2.41
5/5/2009,2.37,2.37
5/4/2009,2.4,2.4
4/30/2009,2.32,2.32
4/29/2009,2.34,2.34
4/28/2009,2.34,2.34
4/27/2009,2.32,2.32
4/24/2009,2.36,2.36
4/23/2009,2.33,2.33
4/22/2009,2.36,2.36
4/20/2009,2.32,2.32
4/17/2009,2.38,2.38
4/16/2009,2.4,2.4
4/15/2009,2.37,2.37
4/14/2009,2.39,2.39
4/13/2009,2.41,2.41
4/9/2009,2.42,2.42
4/8/2009,2.4,2.4
4/7/2009,2.39,2.39
4/6/2009,2.4,2.4
4/3/2009,2.42,2.42
4/2/2009,2.43,2.43
4/1/2009,2.39,2.39
3/31/2009,2.37,2.37
3/30/2009,2.38,2.38
3/27/2009,2.41,2.41
3/26/2009,2.48,2.48
3/25/2009,2.48,2.48
3/24/2009,2.49,2.49
3/23/2009,2.48,2.48
3/20/2009,2.48,2.48
3/19/2009,2.48,2.48
3/18/2009,2.48,2.48
3/17/2009,2.44,2.44
3/16/2009,2.44,2.44
3/13/2009,2.42,2.42
3/12/2009,2.42,2.42
3/11/2009,2.35,2.35
3/10/2009,2.35,2.35
3/9/2009,2.33,2.33
3/6/2009,2.32,2.32
3/5/2009,2.32,2.32
3/4/2009,2.32,2.32
3/3/2009,2.28,2.28
3/2/2009,2.25,2.25
2/27/2009,2.3,2.3
2/26/2009,2.31,2.31
2/25/2009,2.28,2.28
2/20/2009,2.26,2.26
2/19/2009,2.29,2.29
2/18/2009,2.29,2.29
2/17/2009,2.3,2.3
2/16/2009,2.35,2.35
2/13/2009,2.32,2.32
2/12/2009,2.27,2.27
2/11/2009,2.26,2.26
2/10/2009,2.22,2.22
2/9/2009,2.21,2.21
2/6/2009,2.14,2.14
2/5/2009,2.08,2.08
2/4/2009,2.03,2.03
2/3/2009,2.03,2.03
2/2/2009,2.02,2.02
1/30/2009,2.02,2.02
1/29/2009,2,2
1/28/2009,1.98,1.98
1/27/2009,1.93,1.93
1/26/2009,1.93,1.93
1/23/2009,1.9,1.9
1/22/2009,1.9,1.9
1/21/2009,1.86,1.86
1/20/2009,1.82,1.82
1/19/2009,1.83,1.83
1/16/2009,1.82,1.82
1/15/2009,1.79,1.79
1/14/2009,1.78,1.78
1/13/2009,1.77,1.77
1/12/2009,1.79,1.79
1/9/2009,1.8,1.8
1/8/2009,1.78,1.78
1/7/2009,1.8,1.8
1/6/2009,1.84,1.84
1/5/2009,1.77,1.77
1/2/2009,1.71,1.71
12/30/2008,1.7,1.7
12/29/2008,1.65,1.65
12/26/2008,1.67,1.67
12/23/2008,1.65,1.65
12/22/2008,1.65,1.65
12/19/2008,1.67,1.67
12/18/2008,1.66,1.66
12/17/2008,1.66,1.66
12/16/2008,1.64,1.64
12/15/2008,1.63,1.63
12/12/2008,1.64,1.64
12/11/2008,1.66,1.66
12/10/2008,1.6,1.6
12/9/2008,1.57,1.57
12/8/2008,1.56,1.56
12/5/2008,1.57,1.57
12/4/2008,1.54,1.54
12/3/2008,1.57,1.57
12/2/2008,1.63,1.63
12/1/2008,1.69,1.69
11/28/2008,1.69,1.69
11/27/2008,1.72,1.72
11/26/2008,1.73,1.73
11/25/2008,1.68,1.68
11/24/2008,1.69,1.69
11/21/2008,1.6,1.6
11/20/2008,1.63,1.63
11/19/2008,1.64,1.64
11/18/2008,1.68,1.68
11/17/2008,1.71,1.71
11/14/2008,1.71,1.71
11/13/2008,1.64,1.64
11/12/2008,1.7,1.7
11/11/2008,1.75,1.75
11/10/2008,1.75,1.75
11/7/2008,1.78,1.78
11/6/2008,1.74,1.74
11/5/2008,1.81,1.81
11/4/2008,1.82,1.82
11/3/2008,1.77,1.77
10/31/2008,1.79,1.79
10/30/2008,1.84,1.84
10/29/2008,1.81,1.81
10/28/2008,1.77,1.77
10/27/2008,1.72,1.72
10/24/2008,1.67,1.67
10/23/2008,1.67,1.67
10/22/2008,1.63,1.63
10/21/2008,1.73,1.73
10/20/2008,1.83,1.83
10/17/2008,1.83,1.83
10/16/2008,1.79,1.79
10/15/2008,1.79,1.79
10/14/2008,1.85,1.85
10/13/2008,1.81,1.81
10/10/2008,1.68,1.68
10/9/2008,1.77,1.77
10/8/2008,1.7,1.7
10/7/2008,1.67,1.67
10/6/2008,1.75,1.75
10/3/2008,1.88,1.88
10/2/2008,1.9,1.9
10/1/2008,2,2
9/30/2008,2.01,2.01
9/29/2008,1.92,1.92
9/26/2008,2.04,2.04
9/25/2008,2.08,2.08
9/24/2008,2.04,2.04
9/23/2008,2.05,2.05
9/22/2008,2.07,2.07
9/19/2008,2.03,2.03
9/18/2008,1.92,1.92
9/17/2008,1.98,1.98
9/16/2008,2.04,2.04
9/15/2008,2.05,2.05
9/12/2008,2.09,2.09
9/11/2008,2.05,2.05
9/10/2008,2.07,2.07
9/9/2008,2.05,2.05
9/8/2008,2.08,2.08
9/5/2008,2.08,2.08
9/4/2008,2.07,2.07
9/3/2008,2.1,2.1
9/2/2008,2.13,2.13
9/1/2008,2.15,2.15
8/29/2008,2.17,2.17
8/28/2008,2.17,2.17
8/27/2008,2.18,2.18
8/26/2008,2.17,2.17
8/25/2008,2.16,2.16
8/22/2008,2.16,2.16
8/21/2008,2.19,2.19
8/20/2008,2.16,2.16
8/19/2008,2.15,2.15
8/18/2008,2.14,2.14
8/15/2008,2.14,2.14
8/14/2008,2.13,2.13
8/13/2008,2.13,2.13
8/12/2008,2.13,2.13
8/11/2008,2.13,2.13
8/8/2008,2.14,2.14
8/7/2008,2.16,2.16
8/6/2008,2.17,2.17
8/5/2008,2.18,2.18
8/4/2008,2.2,2.2
8/1/2008,2.19,2.19
7/31/2008,2.16,2.16
7/30/2008,2.15,2.15
7/29/2008,2.13,2.13
7/28/2008,2.12,2.12
7/25/2008,2.12,2.12
7/24/2008,2.11,2.11
7/23/2008,2.11,2.11
7/22/2008,2.12,2.12
7/21/2008,2.12,2.12
7/18/2008,2.11,2.11
7/17/2008,2.08,2.08
7/16/2008,2.09,2.09
7/15/2008,2.1,2.1
7/14/2008,2.08,2.08
7/11/2008,2.05,2.05
7/10/2008,2.05,2.05
7/9/2008,2.06,2.06
7/8/2008,2.06,2.06
7/7/2008,2.06,2.06
7/4/2008,2.04,2.04
7/3/2008,2.04,2.04
7/2/2008,2.02,2.02
7/1/2008,2.03,2.03
6/30/2008,2.04,2.04
6/27/2008,2.02,2.02
6/26/2008,2.02,2.02
6/25/2008,2.03,2.03
6/24/2008,2.01,2.01
6/23/2008,1.99,1.99
6/20/2008,2,2
6/19/2008,2.02,2.02
6/18/2008,2.03,2.03
6/17/2008,2.03,2.03
6/16/2008,2.01,2.01
6/13/2008,2,2
6/12/2008,2,2
6/11/2008,1.99,1.99
6/10/2008,1.99,1.99
6/9/2008,2,2
6/6/2008,1.99,1.99
6/5/2008,2.01,2.01
6/4/2008,2.03,2.03
6/3/2008,2.03,2.03
6/2/2008,2.02,2.02
5/30/2008,2.02,2.02
5/29/2008,2.02,2.02
5/28/2008,2.01,2.01
5/27/2008,1.98,1.98
5/26/2008,1.99,1.99
5/23/2008,1.99,1.99
5/21/2008,2.02,2.02
5/20/2008,2.05,2.05
5/19/2008,2.05,2.05
5/16/2008,2.08,2.08
5/15/2008,2.07,2.07
5/14/2008,2.06,2.06
5/13/2008,2.09,2.09
5/12/2008,2.07,2.07
5/9/2008,2.05,2.05
5/8/2008,2.04,2.04
5/7/2008,2.03,2.03
5/6/2008,2.06,2.06
5/5/2008,2.04,2.04
5/2/2008,2.04,2.04
4/30/2008,2.03,2.03
4/29/2008,1.97,1.97
4/28/2008,1.99,1.99
4/25/2008,2.02,2.02
4/24/2008,2.01,2.01
4/23/2008,2.02,2.02
4/22/2008,2,2
4/18/2008,1.99,1.99
4/17/2008,2.01,2.01
4/16/2008,2,2
4/15/2008,1.97,1.97
4/14/2008,1.95,1.95
4/11/2008,1.94,1.94
4/10/2008,1.96,1.96
4/9/2008,1.94,1.94
4/8/2008,1.94,1.94
4/7/2008,1.94,1.94
4/4/2008,1.92,1.92
4/3/2008,1.89,1.89
4/2/2008,1.89,1.89
4/1/2008,1.87,1.87
3/31/2008,1.85,1.85
3/28/2008,1.84,1.84
3/27/2008,1.85,1.85
3/26/2008,1.85,1.85
3/25/2008,1.84,1.84
3/24/2008,1.82,1.82
3/20/2008,1.82,1.82
3/19/2008,1.83,1.83
3/18/2008,1.87,1.87
3/17/2008,1.84,1.84
3/14/2008,1.84,1.84
3/13/2008,1.86,1.86
3/12/2008,1.91,1.91
3/11/2008,1.88,1.88
3/10/2008,1.85,1.85
3/7/2008,1.89,1.89
3/6/2008,1.9,1.9
3/5/2008,1.91,1.91
3/4/2008,1.89,1.89
3/3/2008,1.9,1.9
2/29/2008,1.87,1.87
2/28/2008,1.89,1.89
2/27/2008,1.89,1.89
2/26/2008,1.87,1.87
2/25/2008,1.85,1.85
2/22/2008,1.81,1.81
2/21/2008,1.84,1.84
2/20/2008,1.82,1.82
2/19/2008,1.82,1.82
2/18/2008,1.76,1.76
2/15/2008,1.71,1.71
2/14/2008,1.71,1.71
2/13/2008,1.73,1.73
2/12/2008,1.73,1.73
2/11/2008,1.73,1.73
2/8/2008,1.71,1.71
2/7/2008,1.72,1.72
2/6/2008,1.73,1.73
2/1/2008,1.73,1.73
1/31/2008,1.71,1.71
1/30/2008,1.69,1.69
1/29/2008,1.69,1.69
1/28/2008,1.68,1.68
1/25/2008,1.68,1.68
1/24/2008,1.68,1.68
1/23/2008,1.65,1.65
1/22/2008,1.68,1.68
1/21/2008,1.64,1.64
1/18/2008,1.68,1.68
1/17/2008,1.68,1.68
1/16/2008,1.74,1.74
1/15/2008,1.77,1.77
1/14/2008,1.78,1.78
1/11/2008,1.76,1.76
1/10/2008,1.75,1.75
1/9/2008,1.69,1.69
1/8/2008,1.69,1.69
1/7/2008,1.69,1.69
1/4/2008,1.71,1.71
1/3/2008,1.71,1.71
1/2/2008,1.68,1.68
12/28/2007,1.67,1.67
12/27/2007,1.69,1.69
12/26/2007,1.68,1.68
12/21/2007,1.65,1.65
12/20/2007,1.63,1.63
12/19/2007,1.64,1.64
12/18/2007,1.63,1.63
12/17/2007,1.63,1.63
12/14/2007,1.65,1.65
12/13/2007,1.66,1.66
12/12/2007,1.68,1.68
12/11/2007,1.7,1.7
12/10/2007,1.68,1.68
12/7/2007,1.68,1.68
12/6/2007,1.66,1.66
12/5/2007,1.64,1.64
12/4/2007,1.62,1.62
12/3/2007,1.61,1.61
11/30/2007,1.62,1.62
11/29/2007,1.62,1.62
11/28/2007,1.61,1.61
11/27/2007,1.58,1.58
11/26/2007,1.59,1.59
11/23/2007,1.59,1.59
11/22/2007,1.61,1.61
11/21/2007,1.61,1.61
11/20/2007,1.63,1.63
11/19/2007,1.62,1.62
11/16/2007,1.64,1.64
11/14/2007,1.67,1.67
11/13/2007,1.64,1.64
11/12/2007,1.63,1.63
11/9/2007,1.65,1.65
11/8/2007,1.66,1.66
11/7/2007,1.68,1.68
11/6/2007,1.68,1.68
11/5/2007,1.67,1.67
11/1/2007,1.67,1.67
10/31/2007,1.68,1.68
10/30/2007,1.67,1.67
10/29/2007,1.66,1.66
10/26/2007,1.66,1.66
10/25/2007,1.63,1.63
10/24/2007,1.64,1.64
10/23/2007,1.65,1.65
10/22/2007,1.61,1.61
10/19/2007,1.63,1.63
10/18/2007,1.65,1.65
10/17/2007,1.62,1.62
10/16/2007,1.66,1.66
10/15/2007,1.66,1.66
10/11/2007,1.68,1.68
10/10/2007,1.67,1.67
10/9/2007,1.67,1.67
10/8/2007,1.66,1.66
10/5/2007,1.67,1.67
10/4/2007,1.66,1.66
10/3/2007,1.64,1.64
10/2/2007,1.66,1.66
10/1/2007,1.69,1.69
9/28/2007,1.66,1.66
9/27/2007,1.67,1.67
9/26/2007,1.67,1.67
9/25/2007,1.65,1.65
9/24/2007,1.64,1.64
9/21/2007,1.64,1.64
9/20/2007,1.63,1.63
9/19/2007,1.65,1.65
9/18/2007,1.64,1.64
9/17/2007,1.61,1.61
9/14/2007,1.63,1.63
9/13/2007,1.64,1.64
9/12/2007,1.65,1.65
9/11/2007,1.63,1.63
9/10/2007,1.61,1.61
9/6/2007,1.61,1.61
9/5/2007,1.58,1.58
9/4/2007,1.6,1.6
9/3/2007,1.6,1.6
8/31/2007,1.59,1.59
8/30/2007,1.58,1.58
8/29/2007,1.6,1.6
8/28/2007,1.57,1.57
8/27/2007,1.6,1.6
8/24/2007,1.62,1.62
8/23/2007,1.57,1.57
8/22/2007,1.56,1.56
8/21/2007,1.53,1.53
8/20/2007,1.54,1.54
8/17/2007,1.55,1.55
8/16/2007,1.51,1.51
8/15/2007,1.55,1.55
8/14/2007,1.58,1.58
8/13/2007,1.62,1.62
8/10/2007,1.61,1.61
8/9/2007,1.65,1.65
8/8/2007,1.68,1.68
8/7/2007,1.68,1.68
8/6/2007,1.66,1.66
8/3/2007,1.67,1.67
8/2/2007,1.68,1.68
8/1/2007,1.67,1.67
7/31/2007,1.67,1.67
7/30/2007,1.66,1.66
7/27/2007,1.65,1.65
7/26/2007,1.63,1.63
7/25/2007,1.66,1.66
7/24/2007,1.67,1.67
7/23/2007,1.69,1.69
7/20/2007,1.68,1.68
7/19/2007,1.66,1.66
7/18/2007,1.65,1.65
7/17/2007,1.64,1.64
7/16/2007,1.63,1.63
7/13/2007,1.64,1.64
7/12/2007,1.64,1.64
7/11/2007,1.63,1.63
7/10/2007,1.62,1.62
7/9/2007,1.59,1.59
7/6/2007,1.59,1.59
7/5/2007,1.62,1.62
7/4/2007,1.63,1.63
7/3/2007,1.61,1.61
7/2/2007,1.61,1.61
6/29/2007,1.63,1.63
6/28/2007,1.64,1.64
6/27/2007,1.65,1.65
6/26/2007,1.65,1.65
6/25/2007,1.67,1.67
6/22/2007,1.66,1.66
6/21/2007,1.7,1.7
6/20/2007,1.69,1.69
6/19/2007,1.73,1.73
6/18/2007,1.73,1.73
6/15/2007,1.73,1.73
6/14/2007,1.72,1.72
6/13/2007,1.72,1.72
6/12/2007,1.72,1.72
6/11/2007,1.73,1.73
6/8/2007,1.71,1.71
6/6/2007,1.72,1.72
6/5/2007,1.75,1.75
6/4/2007,1.77,1.77
6/1/2007,1.81,1.81
5/31/2007,1.81,1.81
5/30/2007,1.8,1.8
5/29/2007,1.81,1.81
5/28/2007,1.82,1.82
5/25/2007,1.83,1.83
5/24/2007,1.81,1.81
5/23/2007,1.83,1.83
5/22/2007,1.88,1.88
5/21/2007,1.9,1.9
5/18/2007,1.89,1.89
5/17/2007,1.92,1.92
5/16/2007,1.92,1.92
5/15/2007,1.91,1.91
5/14/2007,1.89,1.89
5/11/2007,1.88,1.88
5/10/2007,1.88,1.88
5/9/2007,1.9,1.9
5/8/2007,1.94,1.94
5/7/2007,1.95,1.95
5/4/2007,1.94,1.94
5/3/2007,1.96,1.96
5/2/2007,1.97,1.97
4/30/2007,1.97,1.97
4/27/2007,1.99,1.99
4/26/2007,2,2
4/25/2007,2,2
4/24/2007,1.99,1.99
4/23/2007,1.99,1.99
4/20/2007,1.99,1.99
4/19/2007,1.99,1.99
4/18/2007,1.98,1.98
4/17/2007,1.96,1.96
4/16/2007,1.96,1.96
4/13/2007,1.96,1.96
4/12/2007,1.95,1.95
4/11/2007,1.95,1.95
4/10/2007,1.98,1.98
4/9/2007,1.99,1.99
4/5/2007,1.98,1.98
4/4/2007,1.98,1.98
4/3/2007,1.98,1.98
4/2/2007,1.99,1.99
3/30/2007,1.98,1.98
3/29/2007,1.99,1.99
3/28/2007,1.97,1.97
3/27/2007,1.96,1.96
3/26/2007,1.97,1.97
3/23/2007,1.96,1.96
3/22/2007,1.99,1.99
3/21/2007,1.99,1.99
3/20/2007,1.97,1.97
3/19/2007,1.97,1.97
3/16/2007,1.96,1.96
3/15/2007,1.96,1.96
3/14/2007,1.94,1.94
3/13/2007,1.94,1.94
3/12/2007,1.95,1.95
3/9/2007,1.95,1.95
3/8/2007,1.94,1.94
3/7/2007,1.94,1.94
3/6/2007,1.93,1.93
3/5/2007,1.92,1.92
3/2/2007,1.91,1.91
3/1/2007,1.93,1.93
2/28/2007,1.94,1.94
2/27/2007,1.96,1.96
2/26/2007,2,2
2/23/2007,1.99,1.99
2/22/2007,2,2
2/21/2007,2.02,2.02
2/16/2007,2.01,2.01
2/15/2007,2.01,2.01
2/14/2007,2.01,2.01
2/13/2007,2,2
2/12/2007,2,2
2/9/2007,2,2
2/8/2007,2.03,2.03
2/7/2007,2.04,2.04
2/6/2007,2.05,2.05
2/5/2007,2.04,2.04
2/2/2007,2.03,2.03
2/1/2007,2.04,2.04
1/31/2007,2.01,2.01
1/30/2007,2,2
1/29/2007,2,2
1/26/2007,2,2
1/25/2007,2.01,2.01
1/24/2007,2.02,2.02
1/23/2007,2.02,2.02
1/22/2007,2.01,2.01
1/19/2007,2.02,2.02
1/18/2007,2.02,2.02
1/17/2007,2.02,2.02
1/16/2007,2,2
1/15/2007,2,2
1/12/2007,2,2
1/11/2007,2,2
1/10/2007,1.99,1.99
1/9/2007,2,2
1/8/2007,2,2
1/5/2007,2.01,2.01
1/4/2007,2.01,2.01
1/3/2007,2.01,2.01
1/2/2007,2.01,2.01
12/28/2006,2,2
12/27/2006,1.99,1.99
12/26/2006,1.99,1.99
12/22/2006,2.01,2.01
12/21/2006,2,2
12/20/2006,1.99,1.99
12/19/2006,1.98,1.98
12/18/2006,1.99,1.99
12/15/2006,1.98,1.98
12/14/2006,1.98,1.98
12/13/2006,1.99,1.99
12/12/2006,1.98,1.98
12/11/2006,2,2
12/8/2006,2,2
12/7/2006,2,2
12/6/2006,2,2
12/5/2006,2,2
12/4/2006,1.98,1.98
12/1/2006,1.98,1.98
11/30/2006,1.99,1.99
11/29/2006,1.98,1.98
11/28/2006,1.97,1.97
11/27/2006,1.97,1.97
11/24/2006,2,2
11/23/2006,1.97,1.97
11/22/2006,1.98,1.98
11/21/2006,1.98,1.98
11/20/2006,1.99,1.99
11/17/2006,1.99,1.99
11/16/2006,2.01,2.01
11/14/2006,2.01,2.01
11/13/2006,2,2
11/10/2006,2.01,2.01
11/9/2006,2.03,2.03
11/8/2006,2.04,2.04
11/7/2006,2.05,2.05
11/6/2006,2.06,2.06
11/3/2006,2.05,2.05
11/1/2006,2.06,2.06
10/31/2006,2.06,2.06
10/30/2006,2.05,2.05
10/27/2006,2.07,2.07
10/26/2006,2.07,2.07
10/25/2006,2.06,2.06
10/24/2006,2.07,2.07
10/23/2006,2.07,2.07
10/20/2006,2.07,2.07
10/19/2006,2.06,2.06
10/18/2006,2.08,2.08
10/17/2006,2.08,2.08
10/16/2006,2.08,2.08
10/13/2006,2.07,2.07
10/11/2006,2.05,2.05
10/10/2006,2.06,2.06
10/9/2006,2.05,2.05
10/6/2006,2.05,2.05
10/5/2006,2.05,2.05
10/4/2006,2.05,2.05
10/3/2006,2.05,2.05
10/2/2006,2.06,2.06
9/29/2006,2.04,2.04
9/28/2006,2.02,2.02
9/27/2006,1.99,1.99
9/26/2006,1.99,1.99
9/25/2006,1.96,1.96
9/22/2006,1.97,1.97
9/21/2006,1.97,1.97
9/20/2006,2.02,2.02
9/19/2006,2.05,2.05
9/18/2006,2.06,2.06
9/15/2006,2.06,2.06
9/14/2006,2.07,2.07
9/13/2006,2.12,2.12
9/12/2006,2.1,2.1
9/11/2006,2.09,2.09
9/8/2006,2.11,2.11
9/6/2006,2.13,2.13
9/5/2006,2.18,2.18
9/4/2006,2.24,2.24
9/1/2006,2.21,2.21
8/31/2006,2.25,2.25
8/30/2006,2.24,2.24
8/29/2006,2.26,2.26
8/28/2006,2.26,2.26
8/25/2006,2.26,2.26
8/24/2006,2.32,2.32
8/23/2006,2.35,2.35
8/22/2006,2.37,2.37
8/21/2006,2.4,2.4
8/18/2006,2.42,2.42
8/17/2006,2.45,2.45
8/16/2006,2.47,2.47
8/15/2006,2.49,2.49
8/14/2006,2.47,2.47
8/11/2006,2.48,2.48
8/10/2006,2.5,2.5
8/9/2006,2.51,2.51
8/8/2006,2.51,2.51
8/7/2006,2.52,2.52
8/4/2006,2.53,2.53
8/3/2006,2.54,2.54
8/2/2006,2.54,2.54
8/1/2006,2.53,2.53
7/31/2006,2.55,2.55
7/28/2006,2.56,2.56
7/27/2006,2.54,2.54
7/26/2006,2.55,2.55
7/25/2006,2.55,2.55
7/24/2006,2.56,2.56
7/21/2006,2.54,2.54
7/20/2006,2.55,2.55
7/19/2006,2.58,2.58
7/18/2006,2.56,2.56
7/17/2006,2.54,2.54
7/14/2006,2.53,2.53
7/13/2006,2.52,2.52
7/12/2006,2.54,2.54
7/11/2006,2.56,2.56
7/10/2006,2.56,2.56
7/7/2006,2.56,2.56
7/6/2006,2.55,2.55
7/5/2006,2.52,2.52
7/4/2006,2.55,2.55
7/3/2006,2.55,2.55
6/30/2006,2.57,2.57
6/29/2006,2.56,2.56
6/28/2006,2.5,2.5
6/27/2006,2.47,2.47
6/26/2006,2.47,2.47
6/23/2006,2.46,2.46
6/22/2006,2.44,2.44
6/21/2006,2.47,2.47
6/20/2006,2.45,2.45
6/19/2006,2.45,2.45
6/16/2006,2.47,2.47
6/14/2006,2.43,2.43
6/13/2006,2.41,2.41
6/12/2006,2.42,2.42
6/9/2006,2.46,2.46
6/8/2006,2.45,2.45
6/7/2006,2.47,2.47
6/6/2006,2.45,2.45
6/5/2006,2.46,2.46
6/2/2006,2.42,2.42
6/1/2006,2.43,2.43
5/31/2006,2.35,2.35
5/30/2006,2.37,2.37
5/29/2006,2.4,2.4
5/26/2006,2.44,2.44
5/25/2006,2.38,2.38
5/24/2006,2.3,2.3
5/23/2006,2.4,2.4
5/22/2006,2.43,2.43
5/19/2006,2.52,2.52
5/18/2006,2.56,2.56
5/17/2006,2.55,2.55
5/16/2006,2.62,2.62
5/15/2006,2.55,2.55
5/12/2006,2.6,2.6
5/11/2006,2.68,2.68
5/10/2006,2.73,2.73
5/9/2006,2.73,2.73
5/8/2006,2.71,2.71
5/5/2006,2.73,2.73
5/4/2006,2.72,2.72
5/3/2006,2.74,2.74
5/2/2006,2.77,2.77
4/28/2006,2.74,2.74
4/27/2006,2.73,2.73
4/26/2006,2.7,2.7
4/25/2006,2.69,2.69
4/24/2006,2.71,2.71
4/20/2006,2.7,2.7
4/19/2006,2.73,2.73
4/18/2006,2.73,2.73
4/17/2006,2.69,2.69
4/13/2006,2.69,2.69
4/12/2006,2.69,2.69
4/11/2006,2.68,2.68
4/10/2006,2.67,2.67
4/7/2006,2.68,2.68
4/6/2006,2.69,2.69
4/5/2006,2.7,2.7
4/4/2006,2.68,2.68
4/3/2006,2.68,2.68
3/31/2006,2.65,2.65
3/30/2006,2.62,2.62
3/29/2006,2.61,2.61
3/28/2006,2.61,2.61
3/27/2006,2.67,2.67
3/24/2006,2.72,2.72
3/23/2006,2.72,2.72
3/22/2006,2.74,2.74
3/21/2006,2.71,2.71
3/20/2006,2.75,2.75
3/17/2006,2.78,2.78
3/16/2006,2.8,2.8
3/15/2006,2.76,2.76
3/14/2006,2.77,2.77
3/13/2006,2.76,2.76
3/10/2006,2.77,2.77
3/9/2006,2.76,2.76
3/8/2006,2.72,2.72
3/7/2006,2.74,2.74
3/6/2006,2.77,2.77
3/3/2006,2.79,2.79
3/2/2006,2.82,2.82
3/1/2006,2.81,2.81
2/24/2006,2.78,2.78
2/23/2006,2.75,2.75
2/22/2006,2.73,2.73
2/21/2006,2.75,2.75
2/20/2006,2.75,2.75
2/17/2006,2.71,2.71
2/16/2006,2.7,2.7
2/15/2006,2.66,2.66
2/14/2006,2.66,2.66
2/13/2006,2.63,2.63
2/10/2006,2.61,2.61
2/9/2006,2.59,2.59
2/8/2006,2.57,2.57
2/7/2006,2.57,2.57
2/6/2006,2.57,2.57
2/3/2006,2.54,2.54
2/2/2006,2.52,2.52
2/1/2006,2.51,2.51
1/31/2006,2.45,2.45
1/30/2006,2.46,2.46
1/27/2006,2.46,2.46
1/26/2006,2.44,2.44
1/25/2006,2.43,2.43
1/24/2006,2.44,2.44
1/23/2006,2.42,2.42
1/20/2006,2.39,2.39
1/19/2006,2.31,2.31
1/18/2006,2.32,2.32
1/17/2006,2.35,2.35
1/16/2006,2.39,2.39
1/13/2006,2.37,2.37
1/12/2006,2.37,2.37
1/11/2006,2.27,2.27
1/10/2006,2.3,2.3
1/9/2006,2.29,2.29
1/6/2006,2.23,2.23
1/5/2006,2.19,2.19
1/4/2006,2.2,2.2
1/3/2006,2.16,2.16
1/2/2006,2.12,2.12
12/29/2005,2.13,2.13
12/28/2005,2.08,2.08
12/27/2005,2.06,2.06
12/26/2005,2,2
12/23/2005,1.99,1.99
12/22/2005,1.96,1.96
12/21/2005,1.98,1.98
12/20/2005,1.92,1.92
12/19/2005,1.88,1.88
12/16/2005,1.9,1.9
12/15/2005,1.93,1.93
12/14/2005,1.89,1.89
12/13/2005,1.88,1.88
12/12/2005,1.87,1.87
12/9/2005,1.86,1.86
12/8/2005,1.88,1.88
12/7/2005,1.9,1.9
12/6/2005,1.91,1.91
12/5/2005,1.89,1.89
12/2/2005,1.88,1.88
12/1/2005,1.87,1.87
11/30/2005,1.89,1.89
11/29/2005,1.9,1.9
11/28/2005,1.9,1.9
11/25/2005,1.86,1.86
11/24/2005,1.85,1.85
11/23/2005,1.85,1.85
11/22/2005,1.85,1.85
11/21/2005,1.87,1.87
11/18/2005,1.86,1.86
11/17/2005,1.89,1.89
11/16/2005,1.89,1.89
11/14/2005,1.89,1.89
11/11/2005,1.93,1.93
11/10/2005,1.92,1.92
11/9/2005,1.89,1.89
11/8/2005,1.88,1.88
11/7/2005,1.87,1.87
11/4/2005,1.86,1.86
11/3/2005,1.86,1.86
11/1/2005,1.84,1.84
10/31/2005,1.83,1.83
10/28/2005,1.81,1.81
10/27/2005,1.78,1.78
10/26/2005,1.79,1.79
10/25/2005,1.79,1.79
10/24/2005,1.79,1.79
10/21/2005,1.78,1.78
10/20/2005,1.78,1.78
10/19/2005,1.77,1.77
10/18/2005,1.78,1.78
10/17/2005,1.77,1.77
10/14/2005,1.76,1.76
10/13/2005,1.75,1.75
10/11/2005,1.74,1.74
10/10/2005,1.73,1.73
10/7/2005,1.72,1.72
10/6/2005,1.69,1.69
10/5/2005,1.71,1.71
10/4/2005,1.71,1.71
10/3/2005,1.73,1.73
9/30/2005,1.73,1.73
9/29/2005,1.74,1.74
9/28/2005,1.73,1.73
9/27/2005,1.71,1.71
9/26/2005,1.7,1.7
9/23/2005,1.66,1.66
9/22/2005,1.64,1.64
9/21/2005,1.61,1.61
9/20/2005,1.58,1.58
9/19/2005,1.59,1.59
9/16/2005,1.58,1.58
9/15/2005,1.58,1.58
9/14/2005,1.58,1.58
9/13/2005,1.58,1.58
9/12/2005,1.58,1.58
9/9/2005,1.6,1.6
9/8/2005,1.58,1.58
9/6/2005,1.55,1.55
9/5/2005,1.54,1.54
9/2/2005,1.56,1.56
9/1/2005,1.54,1.54
8/31/2005,1.55,1.55
8/30/2005,1.54,1.54
8/29/2005,1.54,1.54
8/26/2005,1.53,1.53
8/25/2005,1.53,1.53
8/24/2005,1.5,1.5
8/23/2005,1.52,1.52
8/22/2005,1.53,1.53
8/19/2005,1.5,1.5
8/18/2005,1.53,1.53
8/17/2005,1.54,1.54
8/16/2005,1.54,1.54
8/15/2005,1.56,1.56
8/12/2005,1.52,1.52
8/11/2005,1.53,1.53
8/10/2005,1.58,1.58
8/9/2005,1.56,1.56
8/8/2005,1.53,1.53
8/5/2005,1.55,1.55
8/4/2005,1.56,1.56
8/3/2005,1.56,1.56
8/2/2005,1.54,1.54
8/1/2005,1.52,1.52
7/29/2005,1.51,1.51
7/28/2005,1.49,1.49
7/27/2005,1.46,1.46
7/26/2005,1.45,1.45
7/25/2005,1.45,1.45
7/22/2005,1.5,1.5
7/21/2005,1.51,1.51
7/20/2005,1.51,1.51
7/19/2005,1.51,1.51
7/18/2005,1.5,1.5
7/15/2005,1.5,1.5
7/14/2005,1.48,1.48
7/13/2005,1.45,1.45
7/12/2005,1.44,1.44
7/11/2005,1.46,1.46
7/8/2005,1.43,1.43
7/7/2005,1.43,1.43
7/6/2005,1.41,1.41
7/5/2005,1.42,1.42
7/4/2005,1.41,1.41
7/1/2005,1.4,1.4
6/30/2005,1.41,1.41
6/29/2005,1.39,1.39
6/28/2005,1.39,1.39
6/27/2005,1.37,1.37
6/24/2005,1.37,1.37
6/23/2005,1.37,1.37
6/22/2005,1.38,1.38
6/21/2005,1.38,1.38
6/20/2005,1.36,1.36
6/17/2005,1.37,1.37
6/16/2005,1.35,1.35
6/15/2005,1.34,1.34
6/14/2005,1.33,1.33
6/13/2005,1.33,1.33
6/10/2005,1.32,1.32
6/9/2005,1.29,1.29
6/8/2005,1.32,1.32
6/7/2005,1.32,1.32
6/6/2005,1.32,1.32
6/3/2005,1.33,1.33
6/2/2005,1.33,1.33
6/1/2005,1.31,1.31
5/31/2005,1.33,1.33
5/30/2005,1.37,1.37
5/27/2005,1.36,1.36
5/25/2005,1.35,1.35
5/24/2005,1.35,1.35
5/23/2005,1.36,1.36
5/20/2005,1.35,1.35
5/19/2005,1.37,1.37
5/18/2005,1.37,1.37
5/17/2005,1.37,1.37
5/16/2005,1.39,1.39
5/13/2005,1.39,1.39
5/12/2005,1.42,1.42
5/11/2005,1.42,1.42
5/10/2005,1.41,1.41
5/9/2005,1.43,1.43
5/6/2005,1.44,1.44
5/5/2005,1.43,1.43
5/4/2005,1.44,1.44
5/3/2005,1.46,1.46
5/2/2005,1.46,1.46
4/29/2005,1.46,1.46
4/28/2005,1.47,1.47
4/27/2005,1.49,1.49
4/26/2005,1.51,1.51
4/25/2005,1.54,1.54
4/22/2005,1.56,1.56
4/20/2005,1.59,1.59
4/19/2005,1.62,1.62
4/18/2005,1.63,1.63
4/15/2005,1.69,1.69
4/14/2005,1.72,1.72
4/13/2005,1.73,1.73
4/12/2005,1.73,1.73
4/11/2005,1.72,1.72
4/8/2005,1.74,1.74
4/7/2005,1.71,1.71
4/6/2005,1.71,1.71
4/5/2005,1.69,1.69
4/4/2005,1.65,1.65
4/1/2005,1.64,1.64
3/31/2005,1.63,1.63
3/30/2005,1.58,1.58
3/29/2005,1.56,1.56
3/28/2005,1.52,1.52
3/24/2005,1.49,1.49
3/23/2005,1.46,1.46
3/22/2005,1.44,1.44
3/21/2005,1.41,1.41
3/18/2005,1.4,1.4
3/17/2005,1.37,1.37
3/16/2005,1.34,1.34
3/15/2005,1.32,1.32
3/14/2005,1.3,1.3
3/11/2005,1.3,1.3
3/10/2005,1.3,1.3
3/9/2005,1.31,1.31
3/8/2005,1.31,1.31
3/7/2005,1.3,1.3
3/4/2005,1.31,1.31
3/3/2005,1.28,1.28
3/2/2005,1.29,1.29
3/1/2005,1.3,1.3
2/28/2005,1.33,1.33
2/25/2005,1.31,1.31
2/24/2005,1.29,1.29
2/23/2005,1.32,1.32
2/22/2005,1.32,1.32
2/21/2005,1.33,1.33
2/18/2005,1.33,1.33
2/17/2005,1.34,1.34
2/16/2005,1.31,1.31
2/15/2005,1.3,1.3
2/14/2005,1.31,1.31
2/11/2005,1.29,1.29
2/10/2005,1.28,1.28
2/9/2005,1.28,1.28
2/4/2005,1.29,1.29
2/3/2005,1.29,1.29
2/2/2005,1.29,1.29
2/1/2005,1.31,1.31
1/31/2005,1.31,1.31
1/28/2005,1.29,1.29
1/27/2005,1.28,1.28
1/26/2005,1.28,1.28
1/25/2005,1.29,1.29
1/24/2005,1.29,1.29
1/21/2005,1.29,1.29
1/20/2005,1.27,1.27
1/19/2005,1.28,1.28
1/18/2005,1.28,1.28
1/17/2005,1.27,1.27
1/14/2005,1.28,1.28
1/13/2005,1.28,1.28
1/12/2005,1.29,1.29
1/11/2005,1.32,1.32
1/10/2005,1.34,1.34
1/7/2005,1.34,1.34
1/6/2005,1.33,1.33
1/5/2005,1.33,1.33
1/4/2005,1.33,1.33
1/3/2005,1.36,1.36
12/30/2004,1.39,1.39
12/29/2004,1.38,1.38
12/28/2004,1.38,1.38
12/27/2004,1.38,1.38
12/23/2004,1.39,1.39
12/22/2004,1.38,1.38
12/21/2004,1.38,1.38
12/20/2004,1.39,1.39
12/17/2004,1.37,1.37
12/16/2004,1.35,1.35
12/15/2004,1.36,1.36
12/14/2004,1.34,1.34
12/13/2004,1.35,1.35
12/10/2004,1.34,1.34
12/9/2004,1.34,1.34
12/8/2004,1.35,1.35
12/7/2004,1.35,1.35
12/6/2004,1.35,1.35
12/3/2004,1.34,1.34
12/2/2004,1.32,1.32
12/1/2004,1.33,1.33
11/30/2004,1.32,1.32
11/29/2004,1.3,1.3
11/26/2004,1.3,1.3
11/25/2004,1.3,1.3
11/24/2004,1.28,1.28
11/23/2004,1.27,1.27
11/22/2004,1.27,1.27
11/19/2004,1.25,1.25
11/18/2004,1.24,1.24
11/17/2004,1.24,1.24
11/16/2004,1.23,1.23
11/12/2004,1.23,1.23
11/11/2004,1.21,1.21
11/10/2004,1.19,1.19
11/9/2004,1.19,1.19
11/8/2004,1.16,1.16
11/5/2004,1.19,1.19
11/4/2004,1.19,1.19
11/3/2004,1.16,1.16
11/1/2004,1.14,1.14
10/29/2004,1.13,1.13
10/28/2004,1.13,1.13
10/27/2004,1.14,1.14
10/26/2004,1.14,1.14
10/25/2004,1.13,1.13
10/22/2004,1.13,1.13
10/21/2004,1.14,1.14
10/20/2004,1.13,1.13
10/19/2004,1.13,1.13
10/18/2004,1.13,1.13
10/15/2004,1.13,1.13
10/14/2004,1.12,1.12
10/13/2004,1.14,1.14
10/11/2004,1.14,1.14
10/8/2004,1.14,1.14
10/7/2004,1.14,1.14
10/6/2004,1.16,1.16
10/5/2004,1.16,1.16
10/4/2004,1.16,1.16
10/1/2004,1.15,1.15
9/30/2004,1.14,1.14
9/29/2004,1.14,1.14
9/28/2004,1.15,1.15
9/27/2004,1.18,1.18
9/24/2004,1.19,1.19
9/23/2004,1.16,1.16
9/22/2004,1.16,1.16
9/21/2004,1.17,1.17
9/20/2004,1.17,1.17
9/17/2004,1.17,1.17
9/16/2004,1.17,1.17
9/15/2004,1.16,1.16
9/14/2004,1.16,1.16
9/13/2004,1.16,1.16
9/10/2004,1.18,1.18
9/9/2004,1.18,1.18
9/8/2004,1.2,1.2
9/6/2004,1.21,1.21
9/3/2004,1.21,1.21
9/2/2004,1.2,1.2
9/1/2004,1.19,1.19
8/31/2004,1.19,1.19
8/30/2004,1.21,1.21
8/27/2004,1.2,1.2
8/26/2004,1.2,1.2
8/25/2004,1.22,1.22
8/24/2004,1.22,1.22
8/23/2004,1.22,1.22
8/20/2004,1.21,1.21
8/19/2004,1.2,1.2
8/18/2004,1.19,1.19
8/17/2004,1.19,1.19
8/16/2004,1.18,1.18
8/13/2004,1.18,1.18
8/12/2004,1.17,1.17
8/11/2004,1.16,1.16
8/10/2004,1.15,1.15
8/9/2004,1.11,1.11
8/6/2004,1.11,1.11
8/5/2004,1.09,1.09
8/4/2004,1.08,1.08
8/3/2004,1.07,1.07
8/2/2004,1.06,1.06
7/30/2004,1.06,1.06
7/29/2004,1.06,1.06
7/28/2004,1.05,1.05
7/27/2004,1.05,1.05
7/26/2004,1.04,1.04
7/23/2004,1.04,1.04
7/22/2004,1.05,1.05
7/21/2004,1.05,1.05
7/20/2004,1.05,1.05
7/19/2004,1.05,1.05
7/16/2004,1.05,1.05
7/15/2004,1.04,1.04
7/14/2004,1.04,1.04
7/13/2004,1.03,1.03
7/12/2004,1.02,1.02
7/9/2004,1.01,1.01
7/8/2004,1.01,1.01
7/7/2004,1.02,1.02
7/6/2004,1.02,1.02
7/5/2004,1.02,1.02
7/2/2004,1.01,1.01
7/1/2004,1.01,1.01
6/30/2004,1,1
6/29/2004,0.99,0.99
6/28/2004,0.98,0.98
6/25/2004,0.99,0.99
6/24/2004,0.99,0.99
6/23/2004,0.98,0.98
6/22/2004,0.97,0.97
6/21/2004,0.97,0.97
6/18/2004,0.97,0.97
6/17/2004,0.97,0.97
6/16/2004,0.95,0.95
6/15/2004,0.93,0.93
6/14/2004,0.88,0.88
6/11/2004,0.88,0.88
6/9/2004,0.87,0.87
6/8/2004,0.85,0.85
6/7/2004,0.85,0.85
6/4/2004,0.85,0.85
6/3/2004,0.83,0.83
6/2/2004,0.84,0.84
6/1/2004,0.83,0.83
5/31/2004,0.81,0.81
5/28/2004,0.84,0.84
5/27/2004,0.84,0.84
5/26/2004,0.84,0.84
5/25/2004,0.84,0.84
5/24/2004,0.83,0.83
5/21/2004,0.83,0.83
5/20/2004,0.83,0.83
5/19/2004,0.86,0.86
5/18/2004,0.86,0.86
5/17/2004,0.87,0.87
5/14/2004,0.88,0.88
5/13/2004,0.88,0.88
5/12/2004,0.91,0.91
5/11/2004,0.93,0.93
5/10/2004,0.93,0.93
5/7/2004,0.96,0.96
5/6/2004,0.98,0.98
5/5/2004,1,1
5/4/2004,1.01,1.01
5/3/2004,1.03,1.03
4/30/2004,1.06,1.06
4/29/2004,1.06,1.06
4/28/2004,1.07,1.07
4/27/2004,1.08,1.08
4/26/2004,1.12,1.12
4/23/2004,1.14,1.14
4/22/2004,1.12,1.12
4/20/2004,1.16,1.16
4/19/2004,1.18,1.18
4/16/2004,1.2,1.2
4/15/2004,1.16,1.16
4/14/2004,1.18,1.18
4/13/2004,1.16,1.16
4/12/2004,1.18,1.18
4/8/2004,1.16,1.16
4/7/2004,1.16,1.16
4/6/2004,1.06,1.06
4/5/2004,1.06,1.06
4/2/2004,1.01,1.01
4/1/2004,1,1
3/31/2004,0.99,0.99
3/30/2004,0.97,0.97
3/29/2004,0.96,0.96
3/26/2004,0.95,0.95
3/25/2004,0.93,0.93
3/24/2004,0.91,0.91
3/23/2004,0.91,0.91
3/22/2004,0.92,0.92
3/19/2004,0.89,0.89
3/18/2004,0.89,0.89
3/17/2004,0.87,0.87
3/16/2004,0.85,0.85
3/15/2004,0.83,0.83
3/12/2004,0.81,0.81
3/11/2004,0.79,0.79
3/10/2004,0.78,0.78
3/9/2004,0.76,0.76
3/8/2004,0.76,0.76
3/5/2004,0.76,0.76
3/4/2004,0.76,0.76
3/3/2004,0.77,0.77
3/2/2004,0.74,0.74
3/1/2004,0.74,0.74
2/27/2004,0.74,0.74
2/26/2004,1.1,1.1
2/25/2004,0.73,0.73
2/20/2004,0.72,0.72
2/19/2004,0.71,0.71
2/18/2004,0.72,0.72
2/17/2004,0.72,0.72
2/16/2004,0.73,0.73
2/13/2004,0.73,0.73
2/12/2004,0.75,0.75
2/11/2004,0.79,0.79
2/10/2004,0.79,0.79
2/9/2004,0.81,0.81
2/6/2004,0.81,0.81
2/5/2004,0.83,0.83
2/4/2004,0.84,0.84
2/3/2004,0.84,0.84
2/2/2004,0.84,0.84
1/30/2004,0.84,0.84
1/29/2004,0.84,0.84
1/28/2004,0.85,0.85
1/27/2004,0.89,0.89
1/26/2004,0.88,0.88
1/23/2004,0.88,0.88
1/22/2004,0.89,0.89
1/21/2004,0.9,0.9
1/20/2004,0.91,0.91
1/19/2004,0.91,0.91
1/16/2004,0.9,0.9
1/15/2004,0.95,0.95
1/14/2004,0.95,0.95
1/13/2004,0.95,0.95
1/12/2004,0.96,0.96
1/9/2004,0.96,0.96
1/8/2004,0.93,0.93
1/7/2004,0.94,0.94
1/6/2004,0.94,0.94
1/5/2004,0.95,0.95
1/2/2004,0.94,0.94
12/30/2003,0.93,0.93
12/29/2003,0.95,0.95
12/26/2003,0.93,0.93
12/23/2003,0.93,0.93
12/22/2003,0.93,0.93
12/19/2003,0.93,0.93
12/18/2003,0.93,0.93
12/17/2003,0.93,0.93
12/16/2003,0.92,0.92
12/15/2003,0.93,0.93
12/12/2003,0.92,0.92
12/11/2003,0.91,0.91
12/10/2003,0.89,0.89
12/9/2003,0.89,0.89
12/8/2003,0.89,0.89
12/5/2003,0.89,0.89
12/4/2003,0.89,0.89
12/3/2003,0.89,0.89
12/2/2003,0.89,0.89
12/1/2003,0.89,0.89
11/28/2003,0.9,0.9
11/27/2003,0.9,0.9
11/26/2003,0.9,0.9
11/25/2003,0.91,0.91
11/24/2003,0.9,0.9
11/21/2003,0.9,0.9
11/20/2003,0.89,0.89
11/19/2003,0.9,0.9
11/18/2003,0.9,0.9
11/17/2003,0.89,0.89
11/14/2003,0.89,0.89
11/13/2003,0.89,0.89
11/12/2003,0.91,0.91
11/11/2003,0.91,0.91
11/10/2003,0.92,0.92
11/7/2003,0.92,0.92
11/6/2003,0.91,0.91
11/5/2003,0.92,0.92
11/4/2003,0.91,0.91
11/3/2003,0.91,0.91
10/31/2003,0.91,0.91
10/30/2003,0.92,0.92
10/29/2003,0.93,0.93
10/28/2003,0.94,0.94
10/27/2003,0.94,0.94
10/24/2003,0.94,0.94
10/23/2003,0.95,0.95
10/22/2003,0.97,0.97
10/21/2003,0.97,0.97
10/20/2003,0.99,0.99
10/17/2003,0.99,0.99
10/16/2003,1.01,1.01
10/15/2003,1,1
10/14/2003,1,1
10/13/2003,1,1
10/10/2003,1.01,1.01
10/9/2003,1.01,1.01
10/8/2003,1.01,1.01
10/7/2003,1.01,1.01
10/6/2003,1.01,1.01
10/3/2003,1,1
10/2/2003,1.01,1.01
10/1/2003,1,1
9/30/2003,1.02,1.02
9/29/2003,1.01,1.01
9/26/2003,1.02,1.02
9/25/2003,1.03,1.03
9/24/2003,1.05,1.05
9/23/2003,1.05,1.05
9/22/2003,1.07,1.07
9/19/2003,1.08,1.08
9/18/2003,1.12,1.12
9/17/2003,1.12,1.12
9/16/2003,1.12,1.12
9/15/2003,1.18,1.18
9/12/2003,1.17,1.17
9/11/2003,1.16,1.16
9/10/2003,1.19,1.19
9/9/2003,1.19,1.19
9/8/2003,1.18,1.18
9/5/2003,1.21,1.21
9/4/2003,1.2,1.2
9/3/2003,1.22,1.22
9/2/2003,1.21,1.21
9/1/2003,1.21,1.21
8/29/2003,1.22,1.22
8/28/2003,1.24,1.24
8/27/2003,1.24,1.24
8/26/2003,1.23,1.23
8/25/2003,1.23,1.23
8/22/2003,1.24,1.24
8/21/2003,1.23,1.23
8/20/2003,1.23,1.23
8/19/2003,1.25,1.25
8/18/2003,1.23,1.23
8/15/2003,1.23,1.23
8/14/2003,1.21,1.21
8/13/2003,1.21,1.21
8/12/2003,1.18,1.18
8/11/2003,1.17,1.17
8/8/2003,1.13,1.13
8/7/2003,1.12,1.12
8/6/2003,1.05,1.05
8/5/2003,1.07,1.07
8/4/2003,1.04,1.04
8/1/2003,1.05,1.05
7/31/2003,1.06,1.06
7/30/2003,1.02,1.02
7/29/2003,1.02,1.02
7/28/2003,1.02,1.02
7/25/2003,1.01,1.01
7/24/2003,1,1
7/23/2003,1.01,1.01
7/22/2003,1,1
7/21/2003,1,1
7/18/2003,0.99,0.99
7/17/2003,1,1
7/16/2003,1.01,1.01
7/15/2003,1,1
7/14/2003,1,1
7/11/2003,1,1
7/10/2003,1,1
7/8/2003,1.04,1.04
7/7/2003,1.05,1.05
7/4/2003,1.06,1.06
7/3/2003,1.1,1.1
7/2/2003,1.1,1.1
7/1/2003,1.09,1.09
6/30/2003,1.09,1.09
6/27/2003,1.09,1.09
6/26/2003,1.11,1.11
6/25/2003,1.13,1.13
6/24/2003,1.13,1.13
6/23/2003,1.16,1.16
6/20/2003,1.16,1.16
6/18/2003,1.2,1.2
6/17/2003,1.21,1.21
6/16/2003,1.21,1.21
6/13/2003,1.23,1.23
6/12/2003,1.23,1.23
6/11/2003,1.23,1.23
6/10/2003,1.24,1.24
6/9/2003,1.25,1.25
6/6/2003,1.28,1.28
6/5/2003,1.29,1.29
6/4/2003,1.28,1.28
6/3/2003,1.28,1.28
6/2/2003,1.27,1.27
5/30/2003,1.36,1.36
5/29/2003,1.42,1.42
5/28/2003,1.39,1.39
5/27/2003,1.39,1.39
5/26/2003,1.4,1.4
5/23/2003,1.44,1.44
5/22/2003,1.46,1.46
5/21/2003,1.45,1.45
5/20/2003,1.45,1.45
5/19/2003,1.48,1.48
5/16/2003,1.51,1.51
5/15/2003,1.52,1.52
5/14/2003,1.57,1.57
5/13/2003,1.58,1.58
5/12/2003,1.6,1.6
5/9/2003,1.62,1.62
5/8/2003,1.61,1.61
5/7/2003,1.63,1.63
5/6/2003,1.61,1.61
5/5/2003,1.6,1.6
4/30/2003,1.7,1.7
4/29/2003,1.7,1.7
4/28/2003,1.67,1.67
4/25/2003,1.65,1.65
4/24/2003,1.63,1.63
4/23/2003,1.64,1.64
4/22/2003,1.63,1.63
4/17/2003,1.64,1.64
4/16/2003,1.6,1.6
4/15/2003,1.62,1.62
4/14/2003,1.57,1.57
4/11/2003,1.56,1.56
4/10/2003,1.54,1.54
4/9/2003,1.57,1.57
4/8/2003,1.57,1.57
4/7/2003,1.59,1.59
4/4/2003,1.57,1.57
4/3/2003,1.57,1.57
4/2/2003,1.57,1.57
4/1/2003,1.54,1.54
3/31/2003,1.52,1.52
3/28/2003,1.52,1.52
3/27/2003,1.51,1.51
3/26/2003,1.53,1.53
3/25/2003,1.54,1.54
3/24/2003,1.53,1.53
3/21/2003,1.52,1.52
3/20/2003,1.49,1.49
3/19/2003,1.49,1.49
3/18/2003,1.51,1.51
3/17/2003,1.5,1.5
3/14/2003,1.51,1.51
3/13/2003,1.52,1.52
3/12/2003,1.49,1.49
3/11/2003,1.49,1.49
3/10/2003,1.47,1.47
3/7/2003,1.48,1.48
3/6/2003,1.47,1.47
3/5/2003,1.45,1.45
2/28/2003,1.45,1.45
2/27/2003,1.44,1.44
2/26/2003,1.44,1.44
2/25/2003,1.43,1.43
2/24/2003,1.41,1.41
2/21/2003,1.41,1.41
2/20/2003,1.42,1.42
2/19/2003,1.41,1.41
2/18/2003,1.42,1.42
2/17/2003,1.41,1.41
2/14/2003,1.38,1.38
2/13/2003,1.36,1.36
2/12/2003,1.41,1.41
2/11/2003,1.41,1.41
2/10/2003,1.4,1.4
2/7/2003,1.38,1.38
2/6/2003,1.37,1.37
2/5/2003,1.37,1.37
2/4/2003,1.36,1.36
2/3/2003,1.37,1.37
1/31/2003,1.36,1.36
1/30/2003,1.34,1.34
1/29/2003,1.32,1.32
1/28/2003,1.3,1.3
1/27/2003,1.29,1.29
1/24/2003,1.28,1.28
1/23/2003,1.31,1.31
1/22/2003,1.32,1.32
1/21/2003,1.33,1.33
1/20/2003,1.35,1.35
1/17/2003,1.37,1.37
1/16/2003,1.41,1.41
1/15/2003,1.4,1.4
1/14/2003,1.43,1.43
1/13/2003,1.41,1.41
1/10/2003,1.41,1.41
1/9/2003,1.4,1.4
1/8/2003,1.39,1.39
1/7/2003,1.4,1.4
1/6/2003,1.38,1.38
1/3/2003,1.34,1.34
1/2/2003,1.3,1.3
12/30/2002,1.3,1.3
12/27/2002,1.3,1.3
12/26/2002,1.28,1.28
12/23/2002,1.3,1.3
12/20/2002,1.32,1.32
12/19/2002,1.32,1.32
12/18/2002,1.31,1.31
12/17/2002,1.29,1.29
12/16/2002,1.29,1.29
12/13/2002,1.24,1.24
12/12/2002,1.22,1.22
12/11/2002,1.22,1.22
12/9/2002,1.22,1.22
12/6/2002,1.23,1.23
12/5/2002,1.23,1.23
12/4/2002,1.24,1.24
12/3/2002,1.25,1.25
12/2/2002,1.28,1.28
11/29/2002,1.26,1.26
11/28/2002,1.29,1.29
11/27/2002,1.29,1.29
11/26/2002,1.28,1.28
11/25/2002,1.31,1.31
11/22/2002,1.31,1.31
11/21/2002,1.31,1.31
11/20/2002,1.31,1.31
11/19/2002,1.3,1.3
11/18/2002,1.29,1.29
11/14/2002,1.25,1.25
11/13/2002,1.27,1.27
11/12/2002,1.32,1.32
11/11/2002,1.32,1.32
11/8/2002,1.3,1.3
11/7/2002,1.26,1.26
11/6/2002,1.23,1.23
11/5/2002,1.27,1.27
11/4/2002,1.24,1.24
11/1/2002,1.22,1.22
10/31/2002,1.18,1.18
10/30/2002,1.1,1.1
10/29/2002,1.06,1.06
10/28/2002,1.07,1.07
10/25/2002,1.06,1.06
10/24/2002,1.03,1.03
10/23/2002,0.98,0.98
10/22/2002,0.97,0.97
10/21/2002,0.9,0.9
10/18/2002,0.91,0.91
10/17/2002,0.89,0.89
10/16/2002,0.88,0.88
10/15/2002,0.89,0.89
10/14/2002,0.89,0.89
10/11/2002,0.88,0.88
10/10/2002,0.84,0.84
10/9/2002,0.85,0.85
10/8/2002,0.89,0.89
10/7/2002,0.86,0.86
10/4/2002,0.85,0.85
10/3/2002,0.82,0.82
10/2/2002,0.83,0.83
10/1/2002,0.83,0.83
9/30/2002,0.78,0.78
9/27/2002,0.73,0.73
9/26/2002,0.75,0.75
9/25/2002,0.77,0.77
9/24/2002,0.74,0.74
9/23/2002,0.76,0.76
9/20/2002,0.8,0.8
9/19/2002,0.76,0.76
9/18/2002,0.77,0.77
9/17/2002,0.79,0.79
9/16/2002,0.8,0.8
9/13/2002,0.81,0.81
9/12/2002,0.82,0.82
9/11/2002,0.82,0.82
9/10/2002,0.82,0.82
9/9/2002,0.82,0.82
9/6/2002,0.8,0.8
9/5/2002,0.8,0.8
9/4/2002,0.81,0.81
9/3/2002,0.81,0.81
9/2/2002,0.82,0.82
8/30/2002,0.84,0.84
8/29/2002,0.82,0.82
8/28/2002,0.81,0.81
8/27/2002,0.8,0.8
8/26/2002,0.81,0.81
8/23/2002,0.8,0.8
8/22/2002,0.8,0.8
8/21/2002,0.81,0.81
8/20/2002,0.81,0.81
8/19/2002,0.81,0.81
8/16/2002,0.8,0.8
8/15/2002,0.78,0.78
8/14/2002,0.79,0.79
8/13/2002,0.8,0.8
8/12/2002,0.8,0.8
8/9/2002,0.83,0.83
8/8/2002,0.86,0.86
8/7/2002,0.83,0.83
8/6/2002,0.8,0.8
8/5/2002,0.74,0.74
8/2/2002,0.78,0.78
8/1/2002,0.74,0.74
7/31/2002,0.7,0.7
7/30/2002,0.73,0.73
7/29/2002,0.75,0.75
7/26/2002,0.79,0.79
7/25/2002,0.8,0.8
7/24/2002,0.82,0.82
7/23/2002,0.81,0.81
7/22/2002,0.81,0.81
7/19/2002,0.82,0.82
7/18/2002,0.82,0.82
7/17/2002,0.8,0.8
7/16/2002,0.81,0.81
7/15/2002,0.81,0.81
7/12/2002,0.83,0.83
7/11/2002,0.83,0.83
7/10/2002,0.82,0.82
7/8/2002,0.81,0.81
7/5/2002,0.81,0.81
7/4/2002,0.82,0.82
7/3/2002,0.82,0.82
7/2/2002,0.81,0.81
7/1/2002,0.81,0.81
6/28/2002,0.84,0.84
6/27/2002,0.85,0.85
6/26/2002,0.85,0.85
6/25/2002,0.86,0.86
6/24/2002,0.88,0.88
6/21/2002,0.86,0.86
6/20/2002,0.88,0.88
6/19/2002,0.9,0.9
6/18/2002,0.9,0.9
6/17/2002,0.92,0.92
6/14/2002,0.91,0.91
6/13/2002,0.92,0.92
6/12/2002,0.89,0.89
6/11/2002,0.92,0.92
6/10/2002,0.94,0.94
6/7/2002,0.94,0.94
6/6/2002,0.94,0.94
6/5/2002,0.95,0.95
6/4/2002,0.96,0.96
6/3/2002,0.99,0.99
5/31/2002,1,1
5/29/2002,1,1
5/28/2002,1,1
5/27/2002,1,1
5/24/2002,1,1
5/23/2002,0.99,0.99
5/22/2002,0.99,0.99
5/21/2002,1.01,1.01
5/20/2002,1.01,1.01
5/17/2002,1.01,1.01
5/16/2002,1.02,1.02
5/15/2002,1.01,1.01
5/14/2002,1.01,1.01
5/13/2002,1.01,1.01
5/10/2002,1.03,1.03
5/9/2002,1.03,1.03
5/8/2002,1.04,1.04
5/7/2002,1.04,1.04
5/6/2002,1.05,1.05
5/3/2002,1.06,1.06
5/2/2002,1.06,1.06
4/30/2002,1.07,1.07
4/29/2002,1.09,1.09
4/26/2002,1.09,1.09
4/25/2002,1.1,1.1
4/24/2002,1.11,1.11
4/23/2002,1.1,1.1
4/22/2002,1.11,1.11
4/19/2002,1.12,1.12
4/18/2002,1.12,1.12
4/17/2002,1.13,1.13
4/16/2002,1.13,1.13
4/15/2002,1.13,1.13
4/11/2002,1.16,1.16
4/10/2002,1.18,1.18
4/9/2002,1.17,1.17
4/8/2002,1.17,1.17
4/5/2002,1.17,1.17
4/4/2002,1.15,1.15
4/3/2002,1.15,1.15
4/2/2002,1.15,1.15
4/1/2002,1.15,1.15
3/28/2002,1.14,1.14
3/27/2002,1.14,1.14
3/26/2002,1.13,1.13
3/25/2002,1.12,1.12
3/22/2002,1.13,1.13
3/21/2002,1.15,1.15
3/20/2002,1.15,1.15
3/19/2002,1.15,1.15
3/18/2002,1.15,1.15
3/15/2002,1.15,1.15
3/14/2002,1.15,1.15
3/13/2002,1.15,1.15
3/12/2002,1.16,1.16
3/11/2002,1.15,1.15
3/8/2002,1.15,1.15
3/7/2002,1.14,1.14
3/6/2002,1.14,1.14
3/5/2002,1.16,1.16
3/4/2002,1.18,1.18
3/1/2002,1.18,1.18
2/28/2002,1.19,1.19
2/27/2002,1.18,1.18
2/26/2002,1.17,1.17
2/25/2002,1.16,1.16
2/22/2002,1.15,1.15
2/21/2002,1.15,1.15
2/20/2002,1.16,1.16
2/19/2002,1.16,1.16
2/18/2002,1.17,1.17
2/15/2002,1.17,1.17
2/14/2002,1.17,1.17
2/13/2002,1.19,1.19
2/8/2002,1.16,1.16
2/7/2002,1.16,1.16
2/6/2002,1.18,1.18
2/5/2002,1.19,1.19
2/4/2002,1.19,1.19
2/1/2002,1.2,1.2
1/31/2002,1.21,1.21
1/30/2002,1.2,1.2
1/29/2002,1.2,1.2
1/28/2002,1.2,1.2
1/25/2002,1.21,1.21
1/24/2002,1.22,1.22
1/23/2002,1.23,1.23
1/22/2002,1.23,1.23
1/21/2002,1.23,1.23
1/18/2002,1.22,1.22
1/17/2002,1.22,1.22
1/16/2002,1.22,1.22
1/15/2002,1.22,1.22
1/14/2002,1.2,1.2
1/11/2002,1.19,1.19
1/10/2002,1.18,1.18
1/9/2002,1.21,1.21
1/8/2002,1.21,1.21
1/7/2002,1.21,1.21
1/4/2002,1.21,1.21
1/3/2002,1.22,1.22
1/2/2002,1.21,1.21
12/28/2001,1.2,1.2
12/27/2001,1.19,1.19
12/26/2001,1.19,1.19
12/21/2001,1.18,1.18
12/20/2001,1.18,1.18
12/19/2001,1.2,1.2
12/18/2001,1.18,1.18
12/17/2001,1.16,1.16
12/14/2001,1.15,1.15
12/13/2001,1.15,1.15
12/12/2001,1.15,1.15
12/11/2001,1.14,1.14
12/10/2001,1.17,1.17
12/7/2001,1.14,1.14
12/6/2001,1.13,1.13
12/5/2001,1.12,1.12
12/4/2001,1.12,1.12
12/3/2001,1.12,1.12
11/30/2001,1.09,1.09
11/29/2001,1.07,1.07
11/28/2001,1.1,1.1
11/27/2001,1.11,1.11
11/26/2001,1.11,1.11
11/23/2001,1.1,1.1
11/22/2001,1.08,1.08
11/21/2001,1.07,1.07
11/20/2001,1.07,1.07
11/19/2001,1.08,1.08
11/16/2001,1.08,1.08
11/14/2001,1.07,1.07
11/13/2001,1.09,1.09
11/12/2001,1.08,1.08
11/9/2001,1.08,1.08
11/8/2001,1.09,1.09
11/7/2001,1.07,1.07
11/6/2001,1.05,1.05
11/5/2001,1.05,1.05
11/1/2001,1.02,1.02
10/31/2001,1.02,1.02
10/30/2001,1.01,1.01
10/29/2001,1.01,1.01
10/26/2001,1.01,1.01
10/25/2001,1.01,1.01
10/24/2001,0.99,0.99
10/23/2001,1,1
10/22/2001,1,1
10/19/2001,1,1
10/18/2001,0.98,0.98
10/17/2001,0.99,0.99
10/16/2001,1,1
10/15/2001,0.98,0.98
10/11/2001,0.97,0.97
10/10/2001,0.97,0.97
10/9/2001,0.97,0.97
10/8/2001,0.96,0.96
10/5/2001,0.96,0.96
10/4/2001,0.97,0.97
10/3/2001,0.98,0.98
10/2/2001,0.99,0.99
10/1/2001,1,1
9/28/2001,1,1
9/27/2001,0.99,0.99
9/26/2001,0.97,0.97
9/25/2001,0.98,0.98
9/24/2001,0.98,0.98
9/21/2001,0.94,0.94
9/20/2001,0.96,0.96
9/19/2001,0.98,0.98
9/18/2001,0.99,0.99
9/17/2001,1,1
9/14/2001,0.99,0.99
9/13/2001,1,1
9/12/2001,1,1
9/11/2001,1.01,1.01
9/10/2001,1.03,1.03
9/6/2001,1.04,1.04
9/5/2001,1.04,1.04
9/4/2001,1.05,1.05
9/3/2001,1.05,1.05
8/31/2001,1.04,1.04
8/30/2001,1.06,1.06
8/29/2001,1.05,1.05
8/28/2001,1.05,1.05
8/27/2001,1.05,1.05
8/24/2001,1.05,1.05
8/23/2001,1.06,1.06
8/22/2001,1.07,1.07
8/21/2001,1.06,1.06
8/20/2001,1.08,1.08
8/17/2001,1.08,1.08
8/16/2001,1.09,1.09
8/15/2001,1.1,1.1
8/14/2001,1.08,1.08
8/13/2001,1.09,1.09
8/10/2001,1.11,1.11
8/9/2001,1.11,1.11
8/8/2001,1.11,1.11
8/7/2001,1.11,1.11
8/6/2001,1.12,1.12
8/3/2001,1.1,1.1
8/2/2001,1.11,1.11
8/1/2001,1.11,1.11
7/31/2001,1.11,1.11
7/30/2001,1.14,1.14
7/27/2001,1.12,1.12
7/26/2001,1.11,1.11
7/25/2001,1.1,1.1
7/24/2001,1.11,1.11
7/23/2001,1.13,1.13
7/20/2001,1.11,1.11
7/19/2001,1.09,1.09
7/18/2001,1.09,1.09
7/17/2001,1.09,1.09
7/16/2001,1.06,1.06
7/13/2001,1.07,1.07
7/12/2001,1.07,1.07
7/11/2001,1.09,1.09
7/10/2001,1.1,1.1
7/6/2001,1.12,1.12
7/5/2001,1.1,1.1
7/4/2001,1.13,1.13
7/3/2001,1.16,1.16
7/2/2001,1.17,1.17
6/29/2001,1.18,1.18
6/28/2001,1.19,1.19
6/27/2001,1.18,1.18
6/26/2001,1.17,1.17
6/25/2001,1.18,1.18
6/22/2001,1.18,1.18
6/21/2001,1.14,1.14
6/20/2001,1.11,1.11
6/19/2001,1.1,1.1
6/18/2001,1.11,1.11
6/15/2001,1.14,1.14
6/13/2001,1.14,1.14
6/12/2001,1.14,1.14
6/11/2001,1.15,1.15
6/8/2001,1.17,1.17
6/7/2001,1.16,1.16
6/6/2001,1.15,1.15
6/5/2001,1.15,1.15
6/4/2001,1.16,1.16
6/1/2001,1.16,1.16
5/31/2001,1.16,1.16
5/30/2001,1.18,1.18
5/29/2001,1.18,1.18
5/28/2001,1.18,1.18
5/25/2001,1.18,1.18
5/24/2001,1.16,1.16
5/23/2001,1.17,1.17
5/22/2001,1.18,1.18
5/21/2001,1.19,1.19
5/18/2001,1.19,1.19
5/17/2001,1.19,1.19
5/16/2001,1.19,1.19
5/15/2001,1.18,1.18
5/14/2001,1.19,1.19
