2016-02-05,13.32,12.97,13.35,12.97,-,3.02%
2016-02-04,12.94,12.94,13.16,12.82,-,0.47%
2016-02-03,12.88,13.06,13.23,12.77,-,-0.50%
2016-02-02,12.94,12.87,13.1,12.66,-,0.90%
2016-02-01,12.82,13.19,13.4,12.74,-,-2.51%
2016-01-29,13.15,13.33,13.43,13.07,-,-1.28%
2016-01-28,13.32,13.56,13.57,13.15,-,-1.84%
2016-01-27,13.57,14.12,14.12,13.56,-,-3.35%
2016-01-26,14.05,14.07,14.35,13.97,-,-0.92%
2016-01-25,14.18,14.35,14.4,14.09,-,-1.60%
2016-01-22,14.4,14.52,14.77,14.34,-,-0.35%
2016-01-21,14.45,14.2,14.67,14.11,-,1.80%
2016-01-20,14.2,14.73,14.73,14.15,-,-3.86%
2016-01-19,14.77,14.89,15.1,14.69,-,-0.57%
2016-01-17,14.85,14.85,14.85,14.85,-,0.00%
2016-01-15,14.85,14.82,15.11,14.77,-,0.03%
2016-01-14,14.85,14.52,14.97,14.4,-,2.31%
2016-01-13,14.52,14.07,14.56,14.07,-,3.20%
2016-01-12,14.06,14.26,14.27,13.94,-,-1.06%
2016-01-11,14.22,14.49,14.66,14.03,-,-2.20%
2016-01-08,14.53,14.75,14.98,14.44,-,-1.22%
2016-01-07,14.72,14.43,14.94,14.34,-,2.01%
2016-01-06,14.43,14.6,14.61,14.4,-,-1.23%
2016-01-05,14.6,14.98,15.1,14.55,-,-2.44%
2016-01-04,14.97,14.98,14.98,14.81,-,-1.64%
2015-12-31,15.22,15.18,15.44,15.14,-,0.36%
2015-12-30,15.16,14.82,15.19,14.77,-,2.57%
2015-12-29,14.78,14.78,14.88,14.7,-,0.07%
2015-12-28,14.77,15.05,15.05,14.74,-,-1.79%
2015-12-27,15.05,15.05,15.05,15.05,-,0.00%
2015-12-24,15.05,15.14,15.19,15.05,-,-0.40%
2015-12-23,15.1,14.98,15.18,14.98,-,0.87%
2015-12-22,14.98,14.9,15.1,14.88,-,0.54%
2015-12-21,14.9,15.07,15.2,14.73,-,-1.19%
2015-12-18,15.07,14.69,15.23,14.61,-,2.59%
2015-12-17,14.69,14.72,14.82,14.56,-,0.41%
2015-12-16,14.64,14.6,14.65,14.34,-,0.27%
2015-12-15,14.6,14.6,14.94,14.57,-,-0.07%
2015-12-14,14.6,14.57,14.65,14.24,-,-0.34%
2015-12-11,14.65,14.62,14.72,14.52,-,0.69%
2015-12-10,14.56,15.13,15.15,14.51,-,-3.58%
2015-12-09,15.1,15.07,15.2,14.98,-,0.33%
2015-12-08,15.05,15.28,15.53,14.95,-,-1.80%
2015-12-07,15.32,15.47,15.61,15.27,-,-0.71%
2015-12-04,15.43,15.56,15.81,15.43,-,-0.99%
2015-12-03,15.59,15.27,15.65,15.22,-,1.37%
2015-12-02,15.38,15.47,15.61,15.06,-,-0.71%
2015-12-01,15.48,14.82,15.48,14.76,-,3.68%
2015-11-30,14.94,14.98,15.02,14.73,-,0.00%
2015-11-27,14.94,14.95,15.15,14.94,-,-0.13%
2015-11-25,14.95,14.98,15.13,14.66,-,-0.53%
2015-11-24,15.03,15.4,15.77,14.98,-,-2.59%
2015-11-23,15.44,15.27,15.44,15.19,-,0.72%
2015-11-20,15.32,14.97,15.44,14.91,-,2.75%
2015-11-19,14.91,14.56,15.01,14.48,-,2.90%
2015-11-18,14.49,14.61,14.62,14.27,-,-1.86%
2015-11-17,14.77,15.16,15.16,14.57,-,-2.80%
2015-11-16,15.19,14.98,15.22,14.82,-,1.00%
2015-11-13,15.05,14.98,15.26,14.86,-,0.33%
2015-11-12,14.99,14.66,14.99,14.6,-,1.94%
2015-11-11,14.71,14.84,15.05,14.65,-,0.38%
2015-11-10,14.65,14.04,14.85,13.97,-,4.27%
2015-11-09,14.06,14.35,14.38,13.94,-,-2.90%
2015-11-06,14.48,14.77,14.91,14.36,-,-1.63%
2015-11-05,14.72,14.64,15.06,14.48,-,0.62%
2015-11-04,14.62,15.47,15.49,14.57,-,-5.74%
2015-11-03,15.52,15.09,15.52,15.05,-,2.65%
2015-11-02,15.11,14.55,15.15,14.55,-,4.06%
2015-10-30,14.52,14.57,14.72,14.35,-,-0.21%
2015-10-29,14.56,14.62,14.69,14.43,-,-0.48%
2015-10-28,14.62,14.38,14.78,14.35,-,1.53%
2015-10-27,14.4,14.64,14.69,14.38,-,-1.17%
2015-10-26,14.57,14.23,14.65,14.19,-,2.46%
2015-10-23,14.23,14.64,14.72,14.23,-,-2.74%
2015-10-22,14.62,14.21,14.62,14.19,-,2.92%
2015-10-21,14.21,14.05,14.24,13.98,-,1.03%
2015-10-20,14.06,14.26,14.3,13.94,-,-1.33%
2015-10-19,14.26,14.2,14.4,14.12,-,-0.28%
2015-10-16,14.3,14.17,14.3,13.86,-,1.28%
2015-10-15,14.11,14.22,14.39,13.89,-,-0.14%
2015-10-14,14.14,13.8,14.15,13.69,-,2.02%
2015-10-13,13.85,14.24,14.26,13.77,-,-2.74%
2015-10-12,14.24,14.19,14.32,13.97,-,0.35%
2015-10-09,14.19,13.94,14.43,13.94,-,1.50%
2015-10-08,13.98,13.82,14.04,13.7,-,0.50%
2015-10-07,13.91,13.6,14.01,13.53,-,2.43%
2015-10-06,13.59,13.61,13.66,13.43,-,-0.59%
2015-10-05,13.66,13.51,13.66,13.4,-,1.11%
2015-10-02,13.52,13.24,13.55,13.24,-,2.04%
2015-10-01,13.24,12.88,13.27,12.88,-,3.27%
2015-09-30,12.82,12.63,12.99,12.59,-,3.47%
2015-09-29,12.4,12.27,12.76,12.12,-,0.16%
2015-09-28,12.38,12.38,12.48,12.27,-,6.13%
2015-09-25,11.66,11.31,11.77,11.29,-,4.62%
2015-09-24,11.15,10.94,11.19,10.86,-,2.01%
2015-09-23,10.93,10.94,11.21,10.9,-,-0.14%
2015-09-22,10.94,10.93,11.05,10.81,-,0.00%
2015-09-21,10.94,11.05,11.17,10.91,-,-0.59%
2015-09-18,11.01,11.47,11.66,10.94,-,-3.84%
2015-09-17,11.44,11.46,11.64,11.38,-,-0.35%
2015-09-16,11.48,11.31,11.57,11.19,-,1.77%
2015-09-15,11.28,11.48,11.61,11.23,-,-1.74%
2015-09-14,11.48,11.69,11.73,11.41,-,-1.75%
2015-09-11,11.69,11.31,11.73,11.31,-,3.50%
2015-09-10,11.3,11.35,11.41,11.15,-,-1.48%
2015-09-09,11.47,11.18,11.48,11.09,-,3.52%
2015-09-08,11.07,11.14,11.43,11.06,-,-1.34%
2015-09-04,11.23,11.36,11.64,11.16,-,-1.41%
2015-09-03,11.39,10.73,11.39,10.73,-,5.96%
2015-09-02,10.74,10.69,11.09,10.65,-,0.47%
2015-09-01,10.69,10.71,10.8,10.6,-,0.47%
2015-08-31,10.65,10.94,10.97,10.56,-,-2.70%
2015-08-28,10.94,11.1,11.16,10.84,-,-0.95%
2015-08-27,11.05,10.6,11.1,10.57,-,5.04%
2015-08-26,10.52,10.6,10.66,10.47,-,-1.04%
2015-08-25,10.62,10.61,10.73,10.49,-,1.92%
2015-08-24,10.43,10.32,10.44,10.14,-,0.00%
2015-08-21,10.43,10.64,10.64,10.4,-,-1.93%
2015-08-20,10.63,10.62,10.65,10.44,-,0.24%
2015-08-19,10.6,10.73,10.8,10.57,-,-0.93%
2015-08-18,10.7,10.64,10.93,10.52,-,0.28%
2015-08-17,10.68,10.69,10.69,10.56,-,-0.19%
2015-08-14,10.69,10.51,10.72,10.51,-,1.52%
2015-08-13,10.53,10.62,10.65,10.47,-,-0.57%
2015-08-12,10.6,10.65,10.73,10.44,-,-0.38%
2015-08-11,10.64,10.6,10.7,10.38,-,0.66%
2015-08-10,10.56,10.61,10.64,10.38,-,-0.84%
2015-08-07,10.65,10.77,10.97,10.64,-,-0.65%
2015-08-06,10.73,10.72,10.84,10.65,-,-0.46%
2015-08-05,10.77,11.05,11.06,10.74,-,-2.36%
2015-08-04,11.03,10.88,11.03,10.8,-,1.66%
2015-08-03,10.85,11.16,11.18,10.85,-,-2.73%
2015-07-31,11.16,11.27,11.32,11.12,-,-0.84%
2015-07-30,11.26,11.52,11.64,11.26,-,-1.75%
2015-07-29,11.45,11.28,11.6,11.24,-,2.60%
2015-07-28,11.16,11.27,11.36,11.16,-,-0.71%
2015-07-27,11.24,11.36,11.41,11.18,-,0.00%
2015-07-24,11.24,11.52,11.65,11.2,-,-2.51%
2015-07-23,11.53,11.38,11.53,11.35,-,1.23%
2015-07-22,11.4,11.48,11.55,11.38,-,-0.39%
2015-07-21,11.44,11.55,11.73,11.39,-,-0.48%
2015-07-20,11.49,11.81,11.84,11.35,-,-3.77%
2015-07-17,11.94,12.19,12.26,11.93,-,-2.13%
2015-07-16,12.2,12.43,12.47,12.16,-,-1.85%
2015-07-15,12.44,12.56,12.59,12.41,-,-1.35%
2015-07-14,12.6,12.56,12.8,12.56,-,0.64%
2015-07-13,12.52,12.48,12.62,12.34,-,1.05%
2015-07-10,12.4,11.93,12.44,11.93,-,4.56%
2015-07-09,11.85,12.32,12.43,11.85,-,-3.54%
2015-07-08,12.29,12.27,12.49,12.22,-,-0.16%
2015-07-07,12.31,12.47,12.69,12.19,-,-1.28%
2015-07-06,12.47,12.28,12.56,12.15,-,1.51%
2015-07-03,12.28,12.28,12.28,12.28,-,0.00%
2015-07-02,12.28,12.44,12.68,12.24,-,-1.09%
2015-07-01,12.42,12.4,12.57,12.31,-,-0.52%
2015-06-30,12.48,12.15,12.48,12.09,-,3.31%
2015-06-29,12.09,11.89,12.19,11.84,-,4.45%
2015-06-26,11.57,11.56,11.85,11.43,-,0.39%
2015-06-25,11.52,11.51,11.66,11.43,-,0.17%
2015-06-24,11.51,11.2,11.55,11.2,-,2.77%
2015-06-23,11.19,11.47,11.49,11.18,-,-2.18%
2015-06-22,11.44,11.19,11.48,11.19,-,2.97%
2015-06-19,11.11,11.26,11.27,11.1,-,-1.16%
2015-06-18,11.24,11.4,11.44,11.24,-,-1.14%
2015-06-17,11.38,11.37,11.44,11.31,-,0.62%
2015-06-16,11.31,11.45,11.55,11.31,-,-1.35%
2015-06-15,11.46,11.65,11.65,11.44,-,-2.18%
2015-06-12,11.72,11.66,11.77,11.65,-,0.69%
2015-06-11,11.64,11.95,12.01,11.61,-,-3.08%
2015-06-10,12.01,12.09,12.23,12.01,-,-0.58%
2015-06-09,12.07,12.15,12.26,12.02,-,-0.41%
2015-06-08,12.12,12.08,12.25,12.06,-,0.41%
2015-06-05,12.07,12.11,12.18,11.9,-,-0.17%
2015-06-04,12.1,12.03,12.23,12.02,-,0.08%
2015-06-03,12.09,12.26,12.31,12.05,-,-1.55%
2015-06-02,12.27,12.27,12.49,12.24,-,0.41%
2015-06-01,12.23,12.06,12.3,11.88,-,1.83%
2015-05-29,12.01,11.98,12.06,11.93,-,0.17%
2015-05-28,11.98,11.94,12.12,11.85,-,0.76%
2015-05-27,11.9,12.11,12.12,11.85,-,-1.90%
2015-05-26,12.12,12.29,12.3,11.98,-,-1.58%
2015-05-22,12.32,12.56,12.66,12.28,-,-1.48%
2015-05-21,12.51,12.61,12.73,12.47,-,-0.95%
2015-05-20,12.62,12.83,12.88,12.59,-,-2.02%
2015-05-19,12.89,12.76,12.97,12.73,-,0.78%
2015-05-18,12.78,12.77,12.9,12.69,-,-0.54%
2015-05-15,12.85,12.87,13.11,12.85,-,0.12%
2015-05-14,12.84,12.97,13.1,12.73,-,-0.58%
2015-05-13,12.91,13.56,13.6,12.91,-,-4.86%
2015-05-12,13.57,13.49,13.59,13.34,-,0.44%
2015-05-11,13.52,13.34,13.55,13.27,-,1.43%
2015-05-08,13.32,12.98,13.44,12.93,-,2.46%
2015-05-07,13.01,12.97,13.05,12.66,-,0.93%
2015-05-06,12.89,12.79,12.95,12.77,-,1.10%
2015-05-05,12.74,12.48,12.81,12.41,-,2.00%
2015-05-04,12.49,12.72,12.77,12.47,-,-3.21%
2015-05-01,12.91,13.14,13.3,12.82,-,-1.86%
2015-04-30,13.15,13.16,13.49,12.85,-,-0.15%
2015-04-29,13.18,13.22,13.22,12.93,-,-0.38%
2015-04-28,13.23,13.34,13.48,13.14,-,-0.97%
2015-04-27,13.35,13.14,13.39,12.9,-,1.56%
2015-04-24,13.15,13.11,13.3,12.99,-,0.38%
2015-04-23,13.1,12.66,13.15,12.55,-,3.56%
2015-04-22,12.65,12.47,12.69,12.41,-,1.48%
2015-04-21,12.47,12.74,12.77,12.38,-,-2.24%
2015-04-20,12.75,13.18,13.2,12.66,-,-2.97%
2015-04-17,13.14,13.4,13.43,13.12,-,-2.20%
2015-04-16,13.44,12.99,13.45,12.94,-,3.55%
2015-04-15,12.98,13.14,13.19,12.98,-,-1.22%
2015-04-14,13.14,12.97,13.23,12.94,-,1.16%
2015-04-13,12.98,12.85,13.05,12.72,-,0.89%
2015-04-10,12.87,12.81,12.88,12.69,-,0.27%
2015-04-09,12.84,12.99,13.02,12.64,-,-1.00%
2015-04-08,12.97,12.77,13.12,12.76,-,1.49%
2015-04-07,12.77,12.55,12.85,12.3,-,1.59%
2015-04-06,12.57,12.78,12.85,12.51,-,-1.18%
2015-04-02,12.73,12.36,12.74,12.34,-,3.25%
2015-04-01,12.32,12.01,12.38,11.98,-,2.67%
2015-03-31,12.01,11.98,12.11,11.91,-,0.38%
2015-03-30,11.96,12.09,12.22,11.94,-,-1.20%
2015-03-27,12.1,12.29,12.34,12.1,-,-2.18%
2015-03-26,12.38,12.52,12.53,12.32,-,-1.12%
2015-03-25,12.52,12.44,12.57,12.31,-,1.13%
2015-03-24,12.38,12.8,12.91,12.38,-,-3.17%
2015-03-23,12.78,12.66,12.85,12.6,-,0.59%
2015-03-20,12.7,12.62,12.77,12.4,-,0.91%
2015-03-19,12.59,12.84,12.9,12.56,-,-0.98%
2015-03-18,12.72,12.85,12.97,12.65,-,-1.01%
2015-03-17,12.85,12.81,12.9,12.69,-,-0.27%
2015-03-16,12.88,12.84,12.98,12.77,-,0.82%
2015-03-13,12.77,13.15,13.16,12.57,-,-3.48%
2015-03-12,13.23,13.11,13.31,13.1,-,0.46%
2015-03-11,13.18,13.05,13.18,12.98,-,1.07%
2015-03-10,13.03,13.19,13.2,12.98,-,-1.73%
2015-03-09,13.27,13.44,13.56,13.24,-,-1.34%
2015-03-06,13.44,13.53,13.65,13.42,-,0.11%
2015-03-05,13.43,13.42,13.65,13.36,-,0.56%
2015-03-04,13.35,13.38,13.52,13.19,-,-0.74%
2015-03-03,13.45,13.59,13.59,13.39,-,-1.10%
2015-03-02,13.6,13.81,13.85,13.58,-,-1.59%
2015-02-27,13.82,13.93,13.97,13.7,-,-1.00%
2015-02-26,13.97,13.82,14.02,13.81,-,1.01%
2015-02-25,13.82,14.19,14.3,13.76,-,-2.68%
2015-02-24,14.2,14.1,14.31,14.03,-,0.57%
2015-02-23,14.12,14.29,14.35,14.1,-,-1.88%
2015-02-20,14.4,14.64,14.73,14.32,-,-1.81%
2015-02-19,14.66,15.02,15.02,14.56,-,-2.62%
2015-02-18,15.06,15.11,15.19,14.97,-,-0.86%
2015-02-17,15.19,14.9,15.26,14.69,-,2.15%
2015-02-13,14.86,15,15.02,14.8,-,-0.87%
2015-02-12,14.99,14.67,15.05,14.67,-,2.25%
2015-02-11,14.66,14.66,14.78,14.51,-,0.14%
2015-02-10,14.65,14.85,15.02,14.64,-,-1.08%
2015-02-09,14.81,14.59,14.86,14.55,-,1.65%
2015-02-06,14.56,14.48,14.9,14.48,-,0.76%
2015-02-05,14.45,14.45,14.56,14.34,-,-0.48%
2015-02-04,14.52,14.48,14.69,14.35,-,0.28%
2015-02-03,14.48,14.26,14.73,14.23,-,2.11%
2015-02-02,14.19,14.79,14.8,14.12,-,-4.12%
2015-01-30,14.8,14.86,15.02,14.68,-,-0.64%
2015-01-29,14.89,15.14,15.14,14.77,-,-1.75%
2015-01-28,15.15,15.17,15.32,14.98,-,-0.33%
2015-01-27,15.2,15.27,15.27,14.94,-,-1.36%
2015-01-26,15.41,15.16,15.51,15.15,-,1.65%
2015-01-23,15.16,15.84,15.89,15.15,-,-4.53%
2015-01-22,15.89,15.81,15.94,15.61,-,0.57%
2015-01-21,15.8,15.85,16.16,15.78,-,-0.19%
2015-01-20,15.82,15.39,15.85,15.36,-,3.47%
2015-01-16,15.3,15.33,15.49,15.27,-,0.13%
2015-01-15,15.27,14.9,15.38,14.9,-,2.35%
2015-01-14,14.93,14.89,15.11,14.81,-,0.34%
2015-01-13,14.88,14.71,14.95,14.66,-,0.81%
2015-01-12,14.76,14.94,15.03,14.72,-,-1.21%
2015-01-09,14.94,14.84,14.98,14.81,-,0.37%
2015-01-08,14.88,14.72,15.16,14.65,-,1.26%
2015-01-07,14.69,14.91,14.98,14.62,-,-1.08%
2015-01-06,14.85,14.31,15.02,14.27,-,4.21%
2015-01-05,14.26,14.2,14.3,14.07,-,0.11%
2015-01-02,14.24,14.52,14.53,14.15,-,-2.23%
2014-12-31,14.56,14.65,14.78,14.52,-,-0.27%
2014-12-30,14.6,14.62,14.7,14.57,-,-0.07%
2014-12-29,14.61,14.73,14.85,14.53,-,-0.65%
2014-12-28,14.71,14.71,14.71,14.71,-,0.00%
2014-12-26,14.71,14.8,14.8,14.7,-,-0.30%
2014-12-24,14.76,14.81,14.85,14.76,-,-0.34%
2014-12-23,14.81,14.82,14.9,14.76,-,-0.07%
2014-12-22,14.81,15.01,15.19,14.81,-,-0.87%
2014-12-21,14.94,14.94,14.94,14.94,-,0.00%
2014-12-19,14.94,14.93,15.1,14.9,-,-0.27%
2014-12-18,14.98,14.77,15.02,14.77,-,1.77%
2014-12-17,14.73,14.69,14.86,14.62,-,0.20%
2014-12-16,14.69,14.97,14.97,14.68,-,-1.74%
2014-12-15,14.95,14.99,15.15,14.9,-,-0.27%
2014-12-14,14.99,14.99,14.99,14.99,-,0.00%
2014-12-12,14.99,15.12,15.2,14.97,-,-1.06%
2014-12-11,15.15,15.47,15.51,15.1,-,-2.00%
2014-12-10,15.47,15.58,15.61,15.45,-,0.32%
2014-12-09,15.41,15.27,15.44,15.2,-,0.72%
2014-12-08,15.31,15.28,15.43,15.19,-,1.12%
2014-12-07,15.14,15.14,15.14,15.14,-,0.00%
2014-12-05,15.14,15.2,15.24,15.06,-,-0.33%
2014-12-04,15.19,15.11,15.23,15.02,-,0.50%
2014-12-03,15.11,15.22,15.26,15.07,-,-0.76%
2014-12-02,15.23,15.6,15.67,15.22,-,-2.65%
2014-12-01,15.64,15.51,15.74,15.36,-,0.39%
2014-11-30,15.58,15.58,15.58,15.58,-,0.00%
2014-11-28,15.58,15.95,15.97,15.52,-,-3.44%
2014-11-27,16.14,16.14,16.14,16.14,-,0.00%
2014-11-26,16.14,16.02,16.14,15.97,-,0.88%
2014-11-25,15.99,16.07,16.19,15.9,-,-0.06%
2014-11-24,16,16.07,16.09,15.97,-,-0.68%
2014-11-21,16.11,16.05,16.17,15.88,-,0.37%
2014-11-20,16.06,15.85,16.22,15.84,-,1.36%
2014-11-19,15.84,15.69,15.97,15.65,-,0.86%
2014-11-18,15.7,15.76,15.86,15.65,-,-0.32%
2014-11-17,15.76,15.93,15.98,15.66,-,-0.63%
2014-11-14,15.85,16.06,16.08,15.76,-,-1.12%
2014-11-13,16.03,16.23,16.33,15.94,-,-1.60%
2014-11-12,16.3,16.31,16.42,16.09,-,0.12%
2014-11-11,16.27,15.65,16.34,15.6,-,4.03%
2014-11-10,15.65,15.78,15.78,15.55,-,-0.26%
2014-11-07,15.69,15.67,15.85,15.53,-,1.23%
2014-11-06,15.49,15.56,15.62,15.43,-,-0.26%
2014-11-05,15.53,15.7,15.81,15.51,-,-1.15%
2014-11-04,15.72,15.9,15.94,15.65,-,-1.32%
2014-11-03,15.93,15.98,16.05,15.91,-,-0.59%
2014-10-31,16.02,16.27,16.32,16,-,-1.39%
2014-10-30,16.25,16.36,16.36,16.16,-,-0.31%
2014-10-29,16.3,16.23,16.4,16.18,-,0.68%
2014-10-28,16.18,16.06,16.19,15.94,-,0.87%
2014-10-27,16.05,16.17,16.17,15.92,-,-2.10%
2014-10-24,16.39,16.26,16.49,16.24,-,1.33%
2014-10-23,16.17,16.51,16.58,16.14,-,-2.12%
2014-10-22,16.52,16.65,16.67,16.48,-,0.67%
2014-10-21,16.42,16.72,16.73,16.36,-,-1.50%
2014-10-20,16.67,16.67,16.89,16.6,-,0.48%
2014-10-17,16.58,16.62,16.74,16.43,-,-0.54%
2014-10-16,16.67,16.56,16.69,16.28,-,1.06%
2014-10-15,16.5,16.94,16.97,16.42,-,-1.99%
2014-10-14,16.83,16.67,16.84,16.58,-,1.20%
2014-10-13,16.64,16.58,16.72,16.52,-,0.54%
2014-10-10,16.55,16.67,16.75,16.52,-,-0.48%
2014-10-09,16.62,16.91,17.19,16.62,-,-1.54%
2014-10-08,16.89,16.98,16.99,16.7,-,-0.65%
2014-10-07,17,16.93,17.11,16.9,-,0.35%
2014-10-06,16.93,16.66,16.99,16.58,-,2.73%
2014-10-03,16.49,16.05,16.49,16,-,2.68%
2014-10-02,16.06,16.07,16.25,15.93,-,0.25%
2014-10-01,16.01,16.41,16.44,15.93,-,-2.76%
2014-09-30,16.47,16.81,16.93,16.4,-,-1.94%
2014-09-29,16.8,16.68,16.88,16.28,-,8.35%
2014-09-26,15.5,14.96,15.51,14.96,-,4.48%
2014-09-25,14.84,14.77,15.44,14.64,-,1.02%
2014-09-24,14.69,14.14,14.69,14.12,-,3.71%
2014-09-23,14.16,13.97,14.82,13.97,-,1.25%
2014-09-22,13.98,13.43,14.16,13.36,-,3.55%
2014-09-19,13.51,13.68,13.84,13.48,-,-1.60%
2014-09-18,13.73,13.94,14.38,13.72,-,-1.86%
2014-09-17,13.98,13.6,14.01,13.31,-,2.72%
2014-09-16,13.61,13.67,13.81,13.52,-,-0.22%
2014-09-15,13.65,13.8,13.94,13.54,-,-1.09%
2014-09-12,13.8,14.35,14.39,13.76,-,-3.77%
2014-09-11,14.34,14.48,14.61,14.34,-,-0.97%
2014-09-10,14.48,14.86,14.89,14.44,-,-2.75%
2014-09-09,14.89,14.98,15.07,14.72,-,-0.63%
2014-09-08,14.98,15.02,15.15,14.94,-,-0.37%
2014-09-05,15.03,15.14,15.23,15.01,-,-0.60%
2014-09-04,15.12,15.69,15.73,15.07,-,-3.20%
2014-09-03,15.62,15.85,15.85,15.56,-,-1.45%
2014-09-02,15.85,15.56,15.85,15.55,-,2.52%
2014-08-29,15.47,15.64,15.69,15.41,-,-0.90%
2014-08-28,15.6,15.52,15.72,15.48,-,0.06%
2014-08-27,15.6,15.77,15.96,15.56,-,-0.89%
2014-08-26,15.73,15.34,15.74,15.34,-,2.61%
2014-08-25,15.34,15.64,15.73,15.31,-,-1.79%
2014-08-22,15.61,15.98,16.05,15.61,-,-2.19%
2014-08-21,15.97,15.72,16.05,15.66,-,1.66%
2014-08-20,15.7,15.49,15.76,15.39,-,1.58%
2014-08-19,15.46,15.66,15.69,15.44,-,-1.18%
2014-08-18,15.65,15.99,16,15.64,-,-1.85%
2014-08-15,15.94,15.85,16.03,15.85,-,0.03%
2014-08-14,15.94,16.01,16.02,15.85,-,-0.50%
2014-08-13,16.01,16.03,16.22,15.98,-,-0.06%
2014-08-12,16.02,16.23,16.42,16.02,-,-1.17%
2014-08-11,16.22,16.12,16.35,16.03,-,0.43%
2014-08-08,16.15,16.07,16.19,16.01,-,0.53%
2014-08-07,16.06,16.39,16.62,16.05,-,-1.65%
2014-08-06,16.33,16.14,16.43,16.07,-,1.18%
2014-08-05,16.14,16.33,16.33,16.11,-,-0.92%
2014-08-04,16.29,16.85,17.24,16.28,-,-0.09%
2014-08-03,16.31,16.31,16.31,16.31,-,0.00%
2014-08-01,16.31,16.45,16.48,16.2,-,-0.79%
2014-07-31,16.43,16.67,16.72,16.42,-,-1.26%
2014-07-30,16.65,16.6,16.73,16.52,-,0.12%
2014-07-29,16.62,16.92,16.92,16.6,-,-1.89%
2014-07-28,16.94,17.17,17.17,16.91,-,-1.11%
2014-07-25,17.14,17.03,17.23,16.99,-,0.47%
2014-07-24,17.06,16.95,17.32,16.94,-,0.65%
2014-07-23,16.94,17.19,17.24,16.92,-,-1.37%
2014-07-22,17.18,17.31,17.33,16.98,-,-0.46%
2014-07-21,17.26,17.02,17.43,17,-,1.74%
2014-07-18,16.97,16.99,17.18,16.93,-,0.06%
2014-07-17,16.95,17.08,17.1,16.88,-,-0.64%
2014-07-16,17.07,17.25,17.31,17.02,-,-0.99%
2014-07-15,17.24,17.17,17.28,17.16,-,0.17%
2014-07-14,17.2,17.16,17.33,17.1,-,1.00%
2014-07-11,17.03,17.25,17.25,17.01,-,-1.39%
2014-07-10,17.27,17.44,17.44,17.16,-,-1.03%
2014-07-09,17.45,17.74,17.75,17.27,-,-1.44%
2014-07-08,17.71,17.56,17.77,17.41,-,0.94%
2014-07-07,17.55,17.74,17.74,17.35,-,-1.52%
2014-07-06,17.82,17.82,17.82,17.82,-,0.00%
2014-07-03,17.82,17.92,17.92,17.74,-,-0.67%
2014-07-02,17.93,17.84,17.93,17.66,-,0.56%
2014-07-01,17.83,18.02,18.02,17.72,-,-1.16%
2014-06-30,18.05,18.14,18.28,17.99,-,-1.42%
2014-06-27,18.31,18.71,18.71,18.25,-,-2.24%
2014-06-26,18.73,18.6,18.75,18.58,-,0.48%
2014-06-25,18.64,18.65,18.69,18.42,-,-0.37%
2014-06-24,18.7,18.61,18.7,18.48,-,0.29%
2014-06-23,18.65,18.76,18.81,18.59,-,4.07%
2014-06-20,17.92,17.86,17.95,17.83,-,-0.03%
2014-06-19,17.92,17.47,17.98,17.38,-,2.52%
2014-06-18,17.49,17.1,17.55,17.05,-,2.28%
2014-06-17,17.09,17.07,17.09,16.97,-,-0.23%
2014-06-16,17.14,17.15,17.22,17.05,-,0.71%
2014-06-13,17.01,16.72,17.17,16.67,-,1.95%
2014-06-12,16.69,16.77,16.86,16.68,-,-0.80%
2014-06-11,16.83,16.91,16.93,16.75,-,-0.71%
2014-06-10,16.94,16.99,17.08,16.84,-,-0.44%
2014-06-09,17.02,16.98,17.17,16.92,-,0.27%
2014-06-06,16.98,16.87,16.99,16.77,-,0.71%
2014-06-05,16.85,17.03,17.1,16.82,-,-1.00%
2014-06-04,17.02,17.18,17.25,17.01,-,-0.82%
2014-06-03,17.17,17.16,17.27,17.12,-,0.00%
2014-06-02,17.17,17.45,17.53,17.13,-,-1.18%
2014-05-30,17.37,17.5,17.53,17.25,-,-0.77%
2014-05-29,17.5,17.18,17.57,17.17,-,2.10%
2014-05-28,17.15,17.03,17.17,17.01,-,0.76%
2014-05-27,17.01,17.33,17.33,16.97,-,-2.46%
2014-05-23,17.44,17.33,17.44,17.26,-,0.46%
2014-05-22,17.36,17.47,17.53,17.36,-,-0.52%
2014-05-21,17.45,17.58,17.58,17.35,-,-0.80%
2014-05-20,17.59,17.75,17.86,17.53,-,-0.96%
2014-05-19,17.76,17.92,17.99,17.73,-,-0.59%
2014-05-16,17.87,18.13,18.23,17.86,-,-1.62%
2014-05-15,18.17,18.23,18.25,17.82,-,-0.49%
2014-05-14,18.25,17.84,18.27,17.84,-,2.35%
2014-05-13,17.83,17.33,17.83,17.3,-,3.00%
2014-05-12,17.32,17.2,17.32,17.14,-,0.84%
2014-05-11,17.17,17.17,17.17,17.17,-,0.00%
2014-05-09,17.17,17.19,17.3,17.17,-,-0.32%
2014-05-08,17.23,17.28,17.35,17.08,-,-0.35%
2014-05-07,17.28,17.18,17.38,17.11,-,0.52%
2014-05-06,17.19,17.44,17.55,17.16,-,-1.66%
2014-05-05,17.49,17.4,17.53,17.27,-,0.40%
2014-05-02,17.42,17.84,17.84,17.41,-,-2.35%
2014-05-01,17.83,17.76,17.84,17.64,-,0.42%
2014-04-30,17.76,17.62,17.88,17.62,-,0.85%
2014-04-29,17.61,17.59,17.64,17.34,-,0.26%
2014-04-28,17.57,17.81,17.85,17.53,-,2.27%
2014-04-25,17.17,17.08,17.38,17.04,-,0.50%
2014-04-24,17.09,17.34,17.59,17.07,-,-1.36%
2014-04-23,17.33,17.01,17.45,17.01,-,1.94%
2014-04-22,17,16.78,17.01,16.75,-,0.77%
2014-04-21,16.86,16.75,16.95,16.74,-,1.05%
2014-04-17,16.69,16.92,16.92,16.57,-,-1.18%
2014-04-16,16.89,16.7,17.25,16.7,-,1.78%
2014-04-15,16.59,16.62,16.73,16.5,-,0.12%
2014-04-14,16.58,16.84,17.02,16.53,-,-1.49%
2014-04-11,16.83,17.17,17.17,16.78,-,-1.69%
2014-04-10,17.11,17.03,17.28,17.01,-,0.35%
2014-04-09,17.06,17.14,17.33,16.97,-,-0.64%
2014-04-08,17.17,16.94,17.19,16.83,-,1.54%
2014-04-07,16.91,17.32,17.34,16.91,-,-2.20%
2014-04-04,17.28,17.19,17.39,17.01,-,0.64%
2014-04-03,17.17,17.01,17.19,16.89,-,0.88%
2014-04-02,17.02,17.09,17.11,16.8,-,-0.35%
2014-04-01,17.08,17.75,17.77,17.07,-,-3.88%
2014-03-31,17.77,17.98,17.99,17.68,-,-1.06%
2014-03-28,17.97,17.91,18.09,17.66,-,0.62%
2014-03-27,17.85,17.51,17.89,17.49,-,2.59%
2014-03-26,17.41,16.99,17.52,16.99,-,2.53%
2014-03-25,16.98,16.83,17,16.76,-,1.01%
2014-03-24,16.81,16.69,16.98,16.67,-,-0.30%
2014-03-21,16.85,16.98,17.02,16.69,-,-1.11%
2014-03-20,17.05,17.31,17.34,17,-,-1.79%
2014-03-19,17.35,17.2,17.35,17.08,-,1.14%
2014-03-18,17.16,17.03,17.17,16.93,-,0.56%
2014-03-17,17.07,17.25,17.32,16.95,-,-1.27%
2014-03-14,17.28,17.7,17.7,17.08,-,-2.51%
2014-03-13,17.73,17.67,17.84,17.52,-,0.54%
2014-03-12,17.64,17.98,18,17.58,-,-1.95%
2014-03-11,17.99,18.18,18.36,17.83,-,-1.15%
2014-03-10,18.19,17.83,18.35,17.51,-,1.45%
2014-03-07,17.93,18.33,18.4,17.88,-,-2.18%
2014-03-06,18.33,18.28,18.47,18.05,-,0.33%
2014-03-05,18.27,17.75,18.27,17.75,-,2.93%
2014-03-04,17.75,17.78,17.8,17.44,-,-0.34%
2014-03-03,17.82,17.45,17.98,17.42,-,1.34%
2014-02-28,17.58,18.01,18.02,17.51,-,-2.74%
2014-02-27,18.08,17.65,18.12,17.61,-,2.26%
2014-02-26,17.67,17.63,17.68,17.03,-,-0.11%
2014-02-25,17.69,17.69,18.08,17.58,-,0.17%
2014-02-24,17.67,17.13,17.78,17.11,-,5.37%
2014-02-21,16.76,16.36,16.78,16.36,-,2.73%
2014-02-20,16.32,16.42,16.48,16.25,-,-0.37%
2014-02-19,16.38,16.2,16.5,16.06,-,0.99%
2014-02-18,16.22,15.65,16.23,15.65,-,4.01%
2014-02-14,15.6,15.64,15.65,15.52,-,-0.13%
2014-02-13,15.61,15.85,15.89,15.55,-,-1.70%
2014-02-12,15.89,15.45,15.91,15.31,-,2.85%
2014-02-11,15.44,15.65,15.73,15.44,-,-1.22%
2014-02-10,15.64,15.65,15.68,15.39,-,-0.38%
2014-02-07,15.69,15.81,15.88,15.6,-,-0.92%
2014-02-06,15.84,16.08,16.17,15.76,-,-1.34%
2014-02-05,16.06,16.02,16.24,15.93,-,0.63%
2014-02-04,15.95,15.76,16.38,15.59,-,1.33%
2014-02-03,15.74,15.48,15.76,15.48,-,0.96%
2014-01-31,15.6,14.99,15.7,14.99,-,4.07%
2014-01-30,14.98,14.8,15.06,14.72,-,1.35%
2014-01-29,14.78,15.09,15.09,14.73,-,-1.92%
2014-01-28,15.07,14.74,15.1,14.7,-,1.82%
2014-01-27,14.81,15.14,15.14,14.78,-,-2.34%
2014-01-24,15.16,15.06,15.18,15.02,-,0.66%
2014-01-23,15.06,15.02,15.2,15.01,-,0.17%
2014-01-22,15.03,15.2,15.27,14.98,-,-1.05%
2014-01-21,15.19,15.23,15.32,15.15,-,0.07%
2014-01-17,15.19,15.49,15.51,15.15,-,-2.13%
2014-01-16,15.52,15.2,15.52,15.1,-,1.90%
2014-01-15,15.23,15.49,15.49,15.14,-,-1.74%
2014-01-14,15.49,15.6,15.66,15.44,-,-0.83%
2014-01-13,15.62,15.59,15.69,15.44,-,0.19%
2014-01-10,15.6,15.48,15.6,15.44,-,1.10%
2014-01-09,15.43,15.76,15.77,15.41,-,-1.97%
2014-01-08,15.73,16.08,16.08,15.69,-,-2.24%
2014-01-07,16.09,16.09,16.18,15.98,-,0.00%
2014-01-06,16.09,16.07,16.17,15.98,-,0.06%
2014-01-03,16.08,16.27,16.36,16.07,-,-1.11%
2014-01-02,16.26,16.36,16.42,16.25,-,-1.21%
2014-01-01,16.47,16.47,16.47,16.47,-,0.00%
2013-12-31,16.47,16.34,16.58,16.31,-,0.67%
2013-12-30,16.35,16.41,16.51,16.33,-,-0.55%
2013-12-27,16.44,16.31,16.48,16.31,-,0.95%
2013-12-26,16.29,16.25,16.36,16.22,-,0.22%
2013-12-24,16.25,16.24,16.36,16.2,-,0.18%
2013-12-23,16.23,16.43,16.48,16.23,-,-1.25%
2013-12-20,16.43,16.18,16.47,16.18,-,1.48%
2013-12-19,16.19,15.9,16.23,15.9,-,1.92%
2013-12-18,15.89,15.98,16.07,15.86,-,-0.25%
2013-12-17,15.93,16.25,16.26,15.91,-,-1.97%
2013-12-16,16.25,16.33,16.35,16.25,-,0.00%
2013-12-13,16.25,16.32,16.36,16.23,-,-0.37%
2013-12-12,16.31,16.49,16.53,16.3,-,-1.15%
2013-12-11,16.5,16.63,16.72,16.49,-,-0.78%
2013-12-10,16.62,16.52,16.83,16.45,-,0.54%
2013-12-09,16.53,16.58,16.76,16.52,-,-0.24%
2013-12-06,16.58,16.77,16.83,16.57,-,-1.07%
2013-12-05,16.75,16.68,16.75,16.56,-,0.48%
2013-12-04,16.67,16.83,16.86,16.67,-,-0.83%
2013-12-03,16.82,16.97,16.97,16.81,-,-0.71%
2013-12-02,16.93,17.18,17.25,16.92,-,-1.45%
2013-11-29,17.18,17.25,17.28,17.15,-,-0.17%
2013-11-27,17.22,17.38,17.45,17.22,-,-0.86%
2013-11-26,17.36,17.31,17.4,17.26,-,0.35%
2013-11-25,17.31,17.45,17.48,17.31,-,-0.97%
2013-11-24,17.48,17.48,17.48,17.48,-,0.00%
2013-11-22,17.48,17.52,17.53,17.33,-,-0.23%
2013-11-21,17.51,17.64,17.64,17.5,-,-0.74%
2013-11-20,17.65,17.67,17.75,17.58,-,-0.17%
2013-11-19,17.67,17.77,17.84,17.65,-,-0.56%
2013-11-18,17.77,17.6,17.81,17.6,-,0.79%
2013-11-15,17.64,17.64,17.67,17.5,-,-0.06%
2013-11-14,17.65,17.83,17.84,17.62,-,-1.07%
2013-11-13,17.83,17.89,17.92,17.8,-,-0.28%
2013-11-12,17.89,17.97,18.01,17.84,-,-0.50%
2013-11-11,17.98,18.04,18.14,17.94,-,-0.66%
2013-11-08,18.09,18.15,18.15,17.95,-,-0.06%
2013-11-07,18.1,18.06,18.14,17.93,-,0.06%
2013-11-06,18.09,18.27,18.27,18.08,-,-0.77%
2013-11-05,18.24,18.37,18.44,18.24,-,-0.63%
2013-11-04,18.35,18.18,18.38,18.18,-,0.69%
2013-11-01,18.23,18.35,18.36,18.22,-,-0.60%
2013-10-31,18.33,18.4,18.42,18.26,-,-0.30%
2013-10-30,18.39,18.52,18.55,18.3,-,-0.57%
2013-10-29,18.5,18.88,18.88,18.43,-,-2.38%
2013-10-28,18.94,19.03,19.06,18.86,-,-0.42%
2013-10-25,19.02,18.86,19.07,18.81,-,1.01%
2013-10-24,18.83,19.18,19.18,18.81,-,-2.18%
2013-10-23,19.25,19.44,19.44,19.23,-,-1.08%
2013-10-22,19.47,19.41,19.49,19.25,-,0.10%
2013-10-21,19.44,19.5,19.67,19.33,-,-0.23%
2013-10-18,19.49,18.98,20.16,18.93,-,2.61%
2013-10-17,19,18.98,19.03,18.88,-,-0.16%
2013-10-16,19.02,18.7,19.03,18.64,-,1.49%
2013-10-15,18.75,19.04,19.15,18.56,-,-1.78%
2013-10-14,19.08,18.89,19.1,18.84,-,1.11%
2013-10-11,18.88,18.75,18.94,18.73,-,0.69%
2013-10-10,18.75,18.55,18.75,18.47,-,0.97%
2013-10-09,18.57,18.6,18.61,18.48,-,-0.32%
2013-10-08,18.62,18.6,18.67,18.45,-,0.00%
2013-10-07,18.62,18.5,18.65,18.5,-,0.54%
2013-10-04,18.52,18.52,18.53,18.36,-,0.00%
2013-10-03,18.52,18.48,18.53,18.42,-,0.22%
2013-10-02,18.49,18.33,18.56,18.24,-,0.98%
2013-10-01,18.31,18.12,18.38,18.07,-,1.16%
2013-09-30,18.09,17.67,18.17,17.61,-,2.32%
2013-09-27,17.68,18.16,18.16,17.66,-,-2.91%
2013-09-26,18.22,18.18,18.24,18.09,-,0.08%
2013-09-25,18.2,17.42,18.22,17.39,-,4.48%
2013-09-24,17.42,17.28,17.44,17.26,-,0.72%
2013-09-23,17.3,17.05,17.3,16.98,-,0.79%
2013-09-20,17.16,17.18,17.33,17.11,-,-0.38%
2013-09-19,17.23,17,17.23,16.98,-,1.89%
2013-09-18,16.91,16.8,16.92,16.75,-,0.65%
2013-09-17,16.8,16.95,16.95,16.75,-,-0.83%
2013-09-16,16.93,17,17.02,16.92,-,-0.99%
2013-09-13,17.1,17.17,17.24,16.99,-,-0.47%
2013-09-12,17.18,17.11,17.24,17.1,-,0.29%
2013-09-11,17.14,17.17,17.33,17.09,-,-0.29%
2013-09-10,17.18,16.99,17.19,16.98,-,1.18%
2013-09-09,16.99,16.81,17.03,16.8,-,1.19%
2013-09-06,16.78,16.57,16.9,16.56,-,1.36%
2013-09-05,16.56,16.37,16.57,16.37,-,1.25%
2013-09-04,16.35,16.48,16.5,16.35,-,-0.67%
2013-09-03,16.47,16.39,16.53,16.39,-,0.80%
2013-08-30,16.33,16.35,16.4,16.32,-,-0.06%
2013-08-29,16.34,16.44,16.5,16.32,-,-0.61%
2013-08-28,16.44,16.47,16.56,16.42,-,-0.12%
2013-08-27,16.47,16.61,16.61,16.35,-,-0.72%
2013-08-26,16.58,16.49,16.67,16.49,-,0.91%
2013-08-23,16.43,16.3,16.52,16.3,-,1.05%
2013-08-22,16.26,16.36,16.41,16.26,-,-0.49%
2013-08-21,16.34,16.49,16.53,16.31,-,-0.85%
2013-08-20,16.49,16.56,16.6,16.47,-,-0.54%
2013-08-19,16.58,16.94,16.94,16.45,-,-2.18%
2013-08-16,16.94,17.17,17.25,16.9,-,-1.45%
2013-08-15,17.19,17.23,17.27,17.03,-,-0.12%
2013-08-14,17.22,17.25,17.27,17.15,-,-0.06%
2013-08-13,17.23,17.17,17.28,17.15,-,0.29%
2013-08-12,17.17,17.02,17.22,16.91,-,1.00%
2013-08-09,17,16.82,17.03,16.81,-,1.13%
2013-08-08,16.82,16.78,16.85,16.72,-,0.15%
2013-08-07,16.79,16.56,16.8,16.52,-,1.36%
2013-08-06,16.57,16.56,16.65,16.52,-,0.03%
2013-08-05,16.56,16.8,16.83,16.51,-,-1.10%
2013-08-02,16.75,16.82,16.88,16.73,-,-0.48%
2013-08-01,16.83,16.92,17.01,16.78,-,-0.59%
2013-07-31,16.92,16.93,17.08,16.68,-,-0.06%
2013-07-30,16.93,16.92,16.98,16.83,-,-0.06%
2013-07-29,16.94,16.44,16.94,16.39,-,2.92%
2013-07-26,16.47,16.36,16.49,16.3,-,0.55%
2013-07-25,16.38,16.17,16.44,16.17,-,1.36%
2013-07-24,16.16,16.34,16.36,16.09,-,-1.16%
2013-07-23,16.34,16.38,16.53,16.28,-,-0.24%
2013-07-22,16.39,16.32,16.48,16.3,-,0.61%
2013-07-19,16.28,16.22,16.35,16.17,-,0.37%
2013-07-18,16.23,16.07,16.44,16.07,-,0.93%
2013-07-17,16.08,16.01,16.15,15.98,-,0.63%
2013-07-16,15.98,16.16,16.23,15.94,-,-1.05%
2013-07-15,16.15,16.08,16.19,16.03,-,0.44%
2013-07-12,16.08,16.16,16.18,16.03,-,-0.31%
2013-07-11,16.12,16.22,16.33,16.08,-,-0.56%
2013-07-10,16.22,16.33,16.47,16.19,-,-0.80%
2013-07-09,16.34,16.31,16.41,16.27,-,0.31%
2013-07-08,16.3,16.27,16.38,16.24,-,0.31%
2013-07-05,16.25,16.43,16.45,16.25,-,-1.04%
2013-07-04,16.42,16.42,16.42,16.42,-,0.00%
2013-07-03,16.42,16.53,16.59,16.42,-,-0.61%
2013-07-02,16.51,16.67,16.74,16.45,-,-0.72%
2013-07-01,16.64,16.92,17.03,16.58,-,-1.60%
2013-06-28,16.91,17.05,17.15,16.88,-,-0.88%
2013-06-27,17.06,17.3,17.36,16.91,-,-1.67%
2013-06-26,17.34,17.26,17.35,17.17,-,0.35%
2013-06-25,17.28,17.16,17.49,17.15,-,0.70%
2013-06-24,17.17,16.91,17.23,16.78,-,2.17%
2013-06-21,16.8,16.35,16.81,16.35,-,2.72%
2013-06-20,16.35,16.83,16.83,16.35,-,-3.42%
2013-06-19,16.93,16.72,17.08,16.64,-,1.23%
2013-06-18,16.73,16.89,16.89,16.66,-,-0.45%
2013-06-17,16.81,16.78,16.98,16.55,-,0.30%
2013-06-14,16.75,16.24,16.8,16.23,-,3.33%
2013-06-13,16.22,16.19,16.34,16.17,-,0.00%
2013-06-12,16.22,16.25,16.4,16.2,-,-0.18%
2013-06-11,16.25,16.35,16.43,16.18,-,-0.67%
2013-06-10,16.35,16.44,16.47,16.35,-,-0.49%
2013-06-07,16.43,16.55,16.58,16.35,-,-0.45%
2013-06-06,16.51,16.39,16.52,16.34,-,0.89%
2013-06-05,16.36,16.41,16.52,16.34,-,-0.09%
2013-06-04,16.38,16.44,16.48,16.33,-,-0.33%
2013-06-03,16.43,16.55,16.66,16.42,-,-0.81%
2013-05-31,16.57,16.67,16.75,16.52,-,-0.69%
2013-05-30,16.68,16.68,16.77,16.64,-,0.09%
2013-05-29,16.67,16.72,16.82,16.62,-,-0.33%
2013-05-28,16.73,16.9,17,16.7,-,-0.83%
2013-05-24,16.86,16.76,16.91,16.73,-,0.63%
2013-05-23,16.76,16.61,16.89,16.58,-,0.90%
2013-05-22,16.61,16.88,16.97,16.6,-,-1.57%
2013-05-21,16.88,16.84,16.92,16.7,-,0.42%
2013-05-20,16.81,16.92,17,16.81,-,-0.53%
2013-05-17,16.9,16.84,17,16.83,-,0.42%
2013-05-16,16.83,16.93,16.98,16.82,-,-0.68%
2013-05-15,16.94,17.02,17.1,16.92,-,-0.38%
2013-05-14,17,17.28,17.28,17,-,-1.62%
2013-05-13,17.28,17.42,17.55,17.24,-,-0.63%
2013-05-10,17.4,17.5,17.61,17.39,-,-0.46%
2013-05-09,17.48,17.42,17.64,17.39,-,0.11%
2013-05-08,17.45,17.61,17.68,17.44,-,-0.96%
2013-05-07,17.62,17.8,17.83,17.57,-,-1.07%
2013-05-06,17.82,17.58,17.9,17.52,-,1.31%
2013-05-03,17.58,17.59,17.61,17.44,-,-0.23%
2013-05-02,17.62,17.33,17.62,17.18,-,1.79%
2013-05-01,17.32,17.62,17.67,17.3,-,-1.98%
2013-04-30,17.67,17.53,17.74,17.5,-,0.97%
2013-04-29,17.5,17.42,17.53,17.26,-,1.21%
2013-04-26,17.28,17.42,17.49,17.25,-,-0.60%
2013-04-25,17.39,17.41,17.47,17.26,-,0.09%
2013-04-24,17.38,17.75,17.8,17.38,-,-1.97%
2013-04-23,17.73,17.89,17.91,17.72,-,-0.89%
2013-04-22,17.89,17.88,17.92,17.75,-,-0.42%
2013-04-19,17.96,17.66,18.01,17.56,-,1.70%
2013-04-18,17.66,17.75,17.92,17.56,-,-0.65%
2013-04-17,17.77,17.9,17.98,17.77,-,-0.73%
2013-04-16,17.91,17.77,18.01,17.74,-,0.67%
2013-04-15,17.78,18.05,18.08,17.75,-,-1.55%
2013-04-12,18.07,17.83,18.15,17.8,-,1.35%
2013-04-11,17.83,17.9,17.9,17.72,-,-0.17%
2013-04-10,17.85,17.77,17.93,17.76,-,0.56%
2013-04-09,17.75,17.73,17.78,17.61,-,0.37%
2013-04-08,17.69,17.83,17.89,17.57,-,-0.23%
2013-04-05,17.73,17.67,17.75,17.61,-,0.31%
2013-04-04,17.67,17.56,17.74,17.55,-,0.91%
2013-04-03,17.51,17.58,17.7,17.48,-,-0.34%
2013-04-02,17.58,17.67,17.74,17.5,-,-0.51%
2013-04-01,17.67,17.7,17.78,17.66,-,0.23%
2013-03-28,17.62,17.93,17.93,17.57,-,-1.67%
2013-03-27,17.92,17.82,17.94,17.75,-,0.45%
2013-03-26,17.84,17.94,18,17.77,-,-0.61%
2013-03-25,17.95,18.21,18.22,17.93,-,-1.21%
2013-03-22,18.17,18.24,18.38,18.17,-,-0.19%
2013-03-21,18.21,18.33,18.49,18.14,-,-0.63%
2013-03-20,18.33,18.42,18.49,18.33,-,-0.05%
2013-03-19,18.33,18.38,18.41,18.26,-,0.38%
2013-03-18,18.26,18.82,18.82,18.25,-,-2.92%
2013-03-15,18.82,18.84,19.11,18.74,-,-0.29%
2013-03-14,18.87,18.77,18.88,18.59,-,0.45%
2013-03-13,18.78,18.8,18.89,18.65,-,-0.05%
2013-03-12,18.8,18.85,18.91,18.5,-,-0.61%
2013-03-11,18.91,18.75,18.95,18.67,-,1.20%
2013-03-08,18.68,18.72,19.05,18.59,-,-0.48%
2013-03-07,18.77,18.13,18.81,18.12,-,3.24%
2013-03-06,18.18,18.18,18.24,18.11,-,-0.05%
2013-03-05,18.19,18.12,18.27,18.08,-,0.58%
2013-03-04,18.09,17.92,18.15,17.92,-,0.98%
2013-03-01,17.92,18.35,18.39,17.89,-,-2.42%
2013-02-28,18.36,18.03,18.58,17.94,-,1.75%
2013-02-27,18.05,18.06,18.18,17.98,-,-0.11%
2013-02-26,18.07,17.98,18.1,17.91,-,0.06%
2013-02-25,18.06,18.25,18.45,18.02,-,-0.93%
2013-02-22,18.23,18.2,18.3,18.1,-,0.64%
2013-02-21,18.11,18.26,18.33,18.02,-,-0.85%
2013-02-20,18.26,18.15,18.45,18.08,-,0.69%
2013-02-19,18.14,18.22,18.33,18.11,-,0.75%
2013-02-15,18,18.02,18.23,17.95,-,-0.08%
2013-02-14,18.02,18.31,18.31,17.88,-,-1.29%
2013-02-13,18.25,18.12,18.35,18.08,-,0.94%
2013-02-12,18.08,18.48,18.5,18.07,-,-2.14%
2013-02-11,18.48,18.17,18.49,18.17,-,1.79%
2013-02-08,18.16,18.18,18.26,18.03,-,0.06%
2013-02-07,18.15,18.22,18.32,18.12,-,-0.49%
2013-02-06,18.24,18.58,18.6,18.17,-,-1.62%
2013-02-05,18.53,18.72,18.89,18.53,-,-1.04%
2013-02-04,18.73,18.8,18.97,18.73,-,0.13%
2013-02-01,18.7,18.81,19.01,18.69,-,-0.64%
2013-01-31,18.83,18.72,18.84,18.48,-,0.91%
2013-01-30,18.66,18.56,18.75,18.27,-,1.69%
2013-01-29,18.34,18.75,18.77,18.32,-,-2.29%
2013-01-28,18.77,18.42,18.97,18.36,-,2.34%
2013-01-25,18.34,18.5,18.5,18.26,-,-0.92%
2013-01-24,18.51,18.52,18.58,18.33,-,-0.22%
2013-01-23,18.56,18.18,18.58,18.07,-,2.09%
2013-01-22,18.17,18.39,18.5,18.08,-,-1.52%
2013-01-20,18.45,18.45,18.45,18.45,-,0.00%
2013-01-18,18.45,18.48,18.61,18.35,-,0.24%
2013-01-17,18.41,18.47,18.58,18.39,-,-0.57%
2013-01-16,18.51,18.68,18.73,18.33,-,-0.96%
2013-01-15,18.69,18.88,18.89,18.58,-,-0.90%
2013-01-14,18.86,19.14,19.17,18.82,-,-1.67%
2013-01-11,19.18,18.94,19.18,18.85,-,1.16%
2013-01-10,18.97,18.83,18.99,18.74,-,0.85%
2013-01-09,18.81,18.67,18.81,18.52,-,0.97%
2013-01-08,18.62,18.93,19.01,18.61,-,-1.51%
2013-01-07,18.91,18.94,19.05,18.67,-,0.19%
2013-01-04,18.88,19.02,19.11,18.78,-,-1.02%
2013-01-03,19.07,19.68,19.7,18.9,-,-3.15%
2013-01-02,19.69,19.59,19.75,19.59,-,0.74%
2012-12-31,19.55,19.42,19.58,19.28,-,0.67%
2012-12-28,19.42,19.48,19.57,19.4,-,-0.56%
2012-12-27,19.52,19.1,19.55,19.02,-,2.28%
2012-12-26,19.09,19,19.2,19,-,0.50%
2012-12-24,19,19.09,19.28,19,-,-0.52%
2012-12-21,19.09,19.19,19.34,19.09,-,-0.68%
2012-12-20,19.23,19.26,19.27,18.84,-,-0.16%
2012-12-19,19.25,19.36,19.45,19.17,-,-0.31%
2012-12-18,19.32,19.39,19.42,19.08,-,-0.23%
2012-12-17,19.36,19.16,19.44,19.15,-,2.06%
2012-12-14,18.97,18.61,19.05,18.6,-,1.96%
2012-12-13,18.6,18.55,18.61,18.31,-,0.49%
2012-12-12,18.51,18.89,18.91,18.5,-,-2.01%
2012-12-11,18.9,18.78,18.93,18.7,-,0.64%
2012-12-10,18.77,19.12,19.24,18.72,-,-2.16%
2012-12-07,19.19,19.33,19.4,19.06,-,-0.52%
2012-12-06,19.29,19.58,19.6,19.26,-,-1.23%
2012-12-05,19.53,19.5,19.67,19.28,-,0.39%
2012-12-04,19.45,19.72,19.9,19.38,-,-1.27%
2012-12-03,19.7,19.44,19.93,19.4,-,1.97%
2012-12-02,19.33,19.33,19.33,19.33,-,0.00%
2012-11-30,19.33,19.3,19.42,19.18,-,0.08%
2012-11-29,19.31,19.16,19.39,19.16,-,0.97%
2012-11-28,19.12,19.29,19.35,19.08,-,-0.83%
2012-11-27,19.28,19.24,19.47,19.11,-,0.63%
2012-11-26,19.17,19.18,19.33,19.05,-,-0.21%
2012-11-23,19.2,19.73,19.89,19.11,-,-2.04%
2012-11-21,19.6,19.85,19.85,19.56,-,-1.31%
2012-11-20,19.86,19.88,20.02,19.74,-,-0.30%
2012-11-19,19.92,19.36,20,19.33,-,4.18%
2012-11-16,19.12,19.02,19.19,18.92,-,0.50%
2012-11-15,19.03,19.23,19.25,18.97,-,-1.01%
2012-11-14,19.23,19.33,19.6,19.19,-,-0.52%
2012-11-13,19.33,19.38,19.64,19.24,-,0.16%
2012-11-12,19.3,19.15,19.47,19.03,-,0.73%
2012-11-09,19.16,18.92,19.27,18.67,-,1.38%
2012-11-08,18.9,19,19.07,18.69,-,-0.37%
2012-11-07,18.97,19.57,19.63,18.94,-,-3.12%
2012-11-06,19.58,19.38,19.77,19.26,-,1.08%
2012-11-05,19.36,19.47,19.5,19.28,-,-0.21%
2012-11-02,19.41,19.43,19.5,19.34,-,-0.18%
2012-11-01,19.44,19.45,19.55,19.27,-,-0.18%
2012-10-31,19.48,19.61,19.66,19.19,-,-0.66%
2012-10-30,19.6,19.47,19.67,19.43,-,0.72%
2012-10-29,19.47,19.45,19.5,19.27,-,0.21%
2012-10-26,19.42,19.57,19.65,19.28,-,-0.79%
2012-10-25,19.58,19.75,19.94,19.49,-,-0.71%
2012-10-24,19.72,19.69,19.84,19.45,-,0.08%
2012-10-23,19.7,20.03,20.03,19.56,-,-1.55%
2012-10-22,20.01,20.33,20.48,19.94,-,-1.31%
2012-10-19,20.28,19.92,20.44,19.72,-,1.76%
2012-10-18,19.93,20.09,20.18,19.67,-,-0.70%
2012-10-17,20.07,20.16,20.3,20.01,-,-0.47%
2012-10-16,20.17,19.89,20.23,19.88,-,1.61%
2012-10-15,19.84,20.09,20.14,19.82,-,-1.44%
2012-10-14,20.14,20.14,20.14,20.14,-,0.00%
2012-10-12,20.14,20.51,20.58,19.85,-,-1.71%
2012-10-11,20.49,21.12,21.17,20.24,-,-2.80%
2012-10-10,21.08,21.45,21.49,20.87,-,-1.63%
2012-10-09,21.42,21.42,21.74,21.4,-,0.28%
2012-10-08,21.36,21.5,21.55,21.22,-,-0.81%
2012-10-07,21.54,21.54,21.54,21.54,-,0.00%
2012-10-05,21.54,21.62,21.65,21.1,-,-0.49%
2012-10-04,21.65,21.58,21.76,21.12,-,0.37%
2012-10-03,21.57,21.5,21.68,21.23,-,0.37%
2012-10-02,21.49,21.09,21.72,21.09,-,1.99%
2012-10-01,21.07,20.41,21.15,20.39,-,3.03%
2012-09-28,20.44,20.39,20.5,20.16,-,0.25%
2012-09-27,20.4,20.24,20.56,20.1,-,0.69%
2012-09-26,20.25,20.67,20.86,20.09,-,-1.94%
2012-09-25,20.66,20.25,20.75,20.19,-,2.18%
2012-09-24,20.22,20.08,20.38,19.92,-,4.25%
2012-09-21,19.39,19.23,19.69,19.13,-,0.81%
2012-09-20,19.24,19.14,19.3,19,-,0.71%
2012-09-19,19.1,19.39,19.5,18.93,-,-1.24%
2012-09-18,19.34,19.95,20.01,19.31,-,-3.15%
2012-09-17,19.97,19.91,20.09,19.85,-,0.38%
2012-09-16,19.9,19.9,19.9,19.9,-,0.00%
2012-09-14,19.9,19.77,20.25,19.74,-,1.12%
2012-09-13,19.67,19.78,19.94,19.63,-,0.00%
2012-09-12,19.67,19.47,19.92,19.44,-,1.29%
2012-09-11,19.42,19.43,19.65,19.31,-,0.00%
2012-09-10,19.42,19.32,19.74,19.32,-,0.21%
2012-09-07,19.39,19,19.59,18.99,-,2.65%
2012-09-06,18.89,19.18,19.26,18.82,-,-1.87%
2012-09-05,19.25,19.39,19.58,18.99,-,-0.72%
2012-09-04,19.39,19.79,19.92,19.33,-,-1.97%
2012-08-31,19.77,19.86,19.99,19.62,-,-0.20%
2012-08-30,19.82,19.75,20.09,19.68,-,0.66%
2012-08-29,19.68,20.18,20.39,19.67,-,-2.33%
2012-08-28,20.16,19.64,20.17,19.47,-,2.81%
2012-08-27,19.6,19.74,19.97,19.51,-,-0.56%
2012-08-26,19.72,19.72,19.72,19.72,-,0.00%
2012-08-24,19.72,19.66,19.74,19.49,-,0.03%
2012-08-23,19.71,19.89,20.26,19.57,-,-0.98%
2012-08-22,19.91,19.81,20.17,19.81,-,0.45%
2012-08-21,19.82,20.49,20.5,19.75,-,-3.22%
2012-08-20,20.48,20.25,20.67,20.22,-,1.59%
2012-08-17,20.16,20.17,20.59,20.11,-,-0.05%
2012-08-16,20.17,20.36,20.44,20.15,-,-0.86%
2012-08-15,20.34,20.44,20.64,20.17,-,0.37%
2012-08-14,20.26,20.52,20.76,20.25,-,-1.22%
2012-08-13,20.51,20.89,20.9,20.36,-,-1.68%
2012-08-10,20.86,20.93,21.18,20.66,-,-0.29%
2012-08-09,20.92,21.16,21.28,20.78,-,-1.09%
2012-08-08,21.16,21.41,21.56,21.06,-,-1.24%
2012-08-07,21.42,21.79,22.02,21.35,-,-1.38%
2012-08-06,21.72,22.02,22.09,21.67,-,-1.12%
2012-08-03,21.97,22,22.14,21.81,-,0.05%
2012-08-02,21.95,22.49,22.56,21.95,-,-2.40%
2012-08-01,22.5,22.59,22.81,22.08,-,-0.71%
2012-07-31,22.66,22.81,23,22.42,-,-0.96%
2012-07-30,22.88,22.51,22.97,22.47,-,1.60%
2012-07-27,22.51,22.5,22.68,22.2,-,0.45%
2012-07-26,22.42,23.38,23.4,22.26,-,-4.29%
2012-07-25,23.42,23.5,23.62,23.22,-,-0.28%
2012-07-24,23.49,23.75,23.92,23.19,-,-0.97%
2012-07-23,23.72,23.97,23.97,23.49,-,-0.94%
2012-07-20,23.94,23.19,23.99,23.08,-,3.23%
2012-07-19,23.19,22.89,23.27,22.67,-,1.27%
2012-07-18,22.9,22.74,22.98,22.23,-,0.37%
2012-07-17,22.82,22.82,22.84,22.46,-,-0.44%
2012-07-16,22.92,22.72,22.92,22.33,-,0.90%
2012-07-13,22.71,22.49,22.82,22.36,-,0.82%
2012-07-12,22.52,22.86,23.03,22.17,-,-1.83%
2012-07-11,22.94,22.49,22.97,22.42,-,1.98%
2012-07-10,22.5,22.67,23.05,22.45,-,-0.62%
2012-07-09,22.64,22.31,22.83,22.25,-,1.82%
2012-07-06,22.24,21.84,22.38,21.69,-,1.72%
2012-07-05,21.86,22.08,22.68,21.81,-,-0.66%
2012-07-03,22,21.44,22.03,21.43,-,2.73%
2012-07-02,21.42,21.07,21.56,21.07,-,1.69%
2012-07-01,21.07,21.07,21.07,21.07,-,0.00%
2012-06-29,21.07,20.56,21.11,20.56,-,2.83%
2012-06-28,20.49,20.83,21.31,20.25,-,-1.68%
2012-06-27,20.83,20.25,21.03,20.11,-,3.09%
2012-06-26,20.21,19.92,20.35,19.91,-,1.56%
2012-06-25,19.9,19.85,20.01,19.72,-,-2.19%
2012-06-22,20.34,21.1,21.47,20.2,-,-3.56%
2012-06-21,21.09,21.59,21.81,21,-,-2.52%
2012-06-20,21.64,21.5,21.8,21.18,-,0.77%
2012-06-19,21.48,20.84,21.58,20.65,-,3.15%
2012-06-18,20.82,20.82,21.02,20.7,-,0.22%
2012-06-15,20.77,20,20.86,20,-,4.06%
2012-06-14,19.97,19.97,20.23,19.82,-,-0.13%
2012-06-13,19.99,20.23,20.25,19.82,-,-1.50%
2012-06-12,20.3,20.3,20.61,20.15,-,-0.47%
2012-06-11,20.39,20.05,20.5,20.01,-,2.23%
2012-06-08,19.94,19.72,20.03,19.61,-,0.83%
2012-06-07,19.78,19.91,20.42,19.67,-,-0.53%
2012-06-06,19.89,19.15,20.08,19.14,-,3.73%
2012-06-05,19.17,18.93,19.18,18.91,-,1.08%
2012-06-04,18.97,19.03,19.14,18.86,-,-1.12%
2012-06-01,19.18,19.49,19.49,18.98,-,-1.41%
2012-05-31,19.45,19.5,19.67,19.39,-,-0.10%
2012-05-30,19.48,19.6,19.76,19.45,-,-0.74%
2012-05-29,19.62,19.62,19.82,19.43,-,0.08%
2012-05-25,19.6,19.53,19.82,19.51,-,0.46%
2012-05-24,19.51,19.51,19.75,19.44,-,-0.03%
2012-05-23,19.52,19.83,19.83,19.36,-,-1.98%
2012-05-22,19.92,20.3,20.39,19.77,-,-1.94%
2012-05-21,20.31,20.47,20.66,20.31,-,-0.49%
2012-05-18,20.41,20.87,20.87,20.41,-,-2.04%
2012-05-17,20.83,20.83,20.92,20.61,-,-0.02%
2012-05-16,20.84,20.39,20.86,20.2,-,2.26%
2012-05-15,20.38,20.32,20.68,20.31,-,0.57%
2012-05-14,20.26,20.17,20.28,20.08,-,0.32%
2012-05-11,20.2,20.36,20.57,20.19,-,-0.96%
2012-05-10,20.4,20.46,20.69,20.31,-,-0.15%
2012-05-09,20.42,20.36,20.53,20.14,-,0.49%
2012-05-08,20.33,21.06,21.07,20.32,-,-3.67%
2012-05-07,21.1,20.75,21.17,20.72,-,1.22%
2012-05-04,20.84,20.75,21,20.62,-,0.85%
2012-05-03,20.67,20.61,20.77,20.51,-,0.63%
2012-05-02,20.54,21,21.08,20.5,-,-2.17%
2012-05-01,21,21.03,21.12,20.77,-,-0.19%
2012-04-30,21.03,21.28,21.44,20.97,-,-1.31%
2012-04-27,21.32,21.25,21.34,20.9,-,0.28%
2012-04-26,21.25,21.92,21.97,21.22,-,-3.06%
2012-04-25,21.92,21.68,22.06,21.68,-,1.34%
2012-04-24,21.64,21.65,21.82,21.52,-,0.09%
2012-04-23,21.61,21.67,21.84,21.42,-,-1.91%
2012-04-20,22.03,22.03,22.35,21.84,-,0.11%
2012-04-19,22.01,22.45,22.71,21.97,-,-1.43%
2012-04-18,22.33,23.1,23.43,22.28,-,-2.96%
2012-04-17,23.01,22.99,23.26,22.81,-,0.39%
2012-04-16,22.92,23.38,23.42,22.85,-,-1.82%
2012-04-13,23.34,24.23,24.27,23.28,-,-3.55%
2012-04-12,24.2,24,24.33,23.91,-,0.94%
2012-04-11,23.98,23.9,24.06,23.81,-,0.67%
2012-04-10,23.82,24.53,24.56,23.82,-,-2.74%
2012-04-09,24.49,24.59,24.85,24.38,-,-0.26%
2012-04-05,24.56,24.41,24.73,24.36,-,0.74%
2012-04-04,24.38,24.22,24.72,24.16,-,0.58%
2012-04-03,24.24,24.58,24.61,24.19,-,-1.28%
2012-04-02,24.55,24.68,24.77,24.49,-,-0.59%
2012-03-30,24.69,24.7,24.89,24.43,-,0.53%
2012-03-29,24.57,24.35,24.65,24.18,-,0.86%
2012-03-28,24.35,24.41,24.56,24.11,-,-0.33%
2012-03-27,24.43,24.76,24.95,24.26,-,-1.41%
2012-03-26,24.78,25.48,25.66,24.7,-,-2.92%
2012-03-23,25.53,25.8,26.12,25.5,-,-1.41%
2012-03-22,25.9,25.34,26.09,25.31,-,2.05%
2012-03-21,25.38,25.44,25.99,25.31,-,-0.28%
2012-03-20,25.44,25.67,26.19,25.38,-,-0.92%
2012-03-19,25.68,25.42,25.7,25.22,-,1.08%
2012-03-16,25.41,25.44,25.67,25.05,-,-0.41%
2012-03-15,25.51,24.42,25.58,24.34,-,4.59%
2012-03-14,24.39,24.05,24.48,23.85,-,1.62%
2012-03-13,24,23.99,24.18,23.55,-,0.61%
2012-03-12,23.85,23.66,23.89,23.27,-,1.06%
2012-03-09,23.6,24.05,24.18,23.56,-,-1.63%
2012-03-08,24,24.01,24.21,23.82,-,0.46%
2012-03-07,23.89,24.12,24.31,23.83,-,-0.71%
2012-03-06,24.06,24.62,24.65,24.01,-,-2.24%
2012-03-05,24.6,24.95,25.09,24.6,-,-1.76%
2012-03-02,25.05,24.88,25.16,24.64,-,0.72%
2012-03-01,24.86,25,25,24.45,-,-0.62%
2012-02-29,25.02,25.23,25.42,24.64,-,-1.26%
2012-02-28,25.34,25.52,25.66,25.24,-,-0.86%
2012-02-27,25.56,25.25,25.81,25.23,-,-2.44%
2012-02-24,26.2,25.89,26.27,25.78,-,1.04%
2012-02-23,25.93,25.8,26.22,25.57,-,0.50%
2012-02-22,25.8,25.35,25.82,25.25,-,1.63%
2012-02-21,25.39,24.66,25.4,24.66,-,3.00%
2012-02-17,24.65,24.57,24.69,24.5,-,0.51%
2012-02-16,24.52,24.52,24.81,24.25,-,0.02%
2012-02-15,24.51,24.2,24.56,24.1,-,1.30%
2012-02-14,24.2,24.47,24.55,24.07,-,-1.18%
2012-02-13,24.49,24.73,24.83,24.46,-,-0.69%
2012-02-10,24.66,24.6,24.72,24.17,-,0.92%
2012-02-09,24.43,24.52,24.89,24.39,-,-0.20%
2012-02-08,24.49,24.61,24.76,24.25,-,-0.14%
2012-02-07,24.52,24.56,24.66,24.08,-,-0.26%
2012-02-06,24.58,24.04,24.58,23.99,-,2.76%
2012-02-03,23.92,23.57,24.15,23.55,-,1.57%
2012-02-02,23.56,23.67,23.8,23.42,-,-0.49%
2012-02-01,23.67,23.72,23.76,23.43,-,-0.40%
2012-01-31,23.76,24,24.21,23.61,-,-0.27%
2012-01-30,23.83,24.23,24.37,23.81,-,-1.61%
2012-01-27,24.22,24.69,24.83,24.16,-,-2.04%
2012-01-26,24.73,24.55,24.97,24.52,-,0.84%
2012-01-25,24.52,24.83,24.98,24.41,-,-0.99%
2012-01-24,24.76,24.88,25.2,24.75,-,-0.28%
2012-01-23,24.83,24.84,25.07,24.74,-,-0.16%
2012-01-20,24.88,24.82,24.98,24.35,-,0.02%
2012-01-19,24.87,24.02,24.87,24.02,-,3.39%
2012-01-18,24.06,23.98,24.17,23.85,-,0.12%
2012-01-17,24.02,23.91,24.22,23.56,-,1.03%
2012-01-13,23.78,23.34,23.95,23.1,-,2.43%
2012-01-12,23.22,23.75,23.84,23.17,-,-2.07%
2012-01-11,23.7,23.35,23.75,23.03,-,1.72%
2012-01-10,23.31,23.43,23.48,23,-,0.50%
2012-01-09,23.19,23.42,23.48,22.83,-,-0.41%
2012-01-06,23.28,23.3,23.53,23.06,-,0.56%
2012-01-05,23.16,24.4,24.51,22.93,-,-4.89%
2012-01-04,24.34,24.42,24.65,24.17,-,-0.45%
2012-01-03,24.45,23.43,24.55,23.4,-,4.78%
2012-01-02,23.34,23.34,23.34,23.34,-,-0.11%
2011-12-30,23.36,23.37,23.38,23,-,-0.81%
2011-12-29,23.56,23.12,23.58,22.87,-,1.57%
2011-12-28,23.19,23.61,24,22.83,-,-2.09%
2011-12-27,23.68,23.7,23.84,23.59,-,-0.17%
2011-12-26,23.73,23.73,23.73,23.73,-,0.00%
2011-12-25,23.73,23.73,23.73,23.73,-,-0.04%
2011-12-23,23.74,23.5,23.85,23.5,-,1.02%
2011-12-22,23.5,23.41,23.5,23.21,-,1.29%
2011-12-21,23.19,23.48,23.61,23.1,-,-0.96%
2011-12-20,23.42,23.14,23.69,23.11,-,1.23%
2011-12-19,23.14,23.06,23.18,22.8,-,0.13%
2011-12-16,23.1,22.93,23.14,22.76,-,1.67%
2011-12-15,22.73,22.97,23.24,22.63,-,-0.39%
2011-12-14,22.82,23.45,23.52,22.68,-,-2.98%
2011-12-13,23.51,23.17,23.59,23.17,-,1.45%
2011-12-12,23.18,23.44,23.89,23.17,-,-1.70%
2011-12-11,23.58,23.58,23.58,23.58,-,0.08%
2011-12-09,23.56,23.97,24.12,23.17,-,-2.38%
2011-12-08,24.14,23.11,24.17,23.11,-,4.46%
2011-12-07,23.1,24.22,24.25,23,-,-4.70%
2011-12-06,24.25,24.05,24.25,23.86,-,0.94%
2011-12-05,24.02,23.54,24.17,23.52,-,2.10%
2011-12-02,23.52,23.63,23.93,23.41,-,-0.30%
2011-12-01,23.59,23.73,23.88,23.43,-,-0.51%
2011-11-30,23.72,23.43,23.94,23.16,-,0.76%
2011-11-29,23.53,23.14,23.64,22.92,-,1.64%
2011-11-28,23.16,23.02,23.42,23.02,-,1.38%
2011-11-25,22.84,23.08,23.16,22.73,-,-1.42%
2011-11-23,23.17,23.43,23.52,23.01,-,-1.05%
2011-11-22,23.42,24.25,24.25,23.33,-,-3.18%
2011-11-21,24.18,24.07,24.32,23.86,-,0.25%
2011-11-18,24.12,24.17,24.33,23.91,-,0.15%
2011-11-17,24.09,24.49,24.49,24,-,-1.49%
2011-11-16,24.45,24.72,24.81,24.45,-,-1.05%
2011-11-15,24.72,24.88,25,24.5,-,-0.08%
2011-11-14,24.74,25.25,25.44,24.7,-,-2.12%
2011-11-11,25.27,25.48,25.52,24.81,-,-0.55%
2011-11-10,25.41,25.33,25.69,25.24,-,0.38%
2011-11-09,25.32,25.97,26.02,25.32,-,-3.10%
2011-11-08,26.12,25.32,26.17,25.19,-,3.36%
2011-11-07,25.27,25.53,25.84,25.23,-,-0.98%
2011-11-04,25.52,25.75,25.94,25.45,-,-0.58%
2011-11-03,25.67,25.57,25.77,25.38,-,0.53%
2011-11-02,25.54,25.68,25.97,25.31,-,-0.06%
2011-11-01,25.56,25.7,26.01,25.33,-,-1.01%
2011-10-31,25.82,26.09,26.22,25.74,-,-1.64%
2011-10-28,26.25,26.93,27.17,26.1,-,-2.89%
2011-10-27,27.02,26.72,27.08,26.59,-,2.27%
2011-10-26,26.42,27.08,27.2,26.25,-,-2.11%
2011-10-25,27,27.14,27.69,26.88,-,-0.55%
2011-10-24,27.15,26.77,27.3,26.49,-,2.57%
2011-10-21,26.47,26.88,27.34,26.33,-,-1.45%
2011-10-20,26.85,26.67,27.08,26.16,-,0.04%
2011-10-19,26.84,27.71,28.25,26.84,-,-2.96%
2011-10-18,27.67,27.58,28.07,27.43,-,-0.07%
2011-10-17,27.68,27.87,28.34,27.64,-,-0.61%
2011-10-14,27.85,26.89,28.05,26.72,-,3.67%
2011-10-13,26.87,26.09,27.07,26,-,3.65%
2011-10-12,25.92,25.95,26.34,25.74,-,-0.23%
2011-10-11,25.99,26.2,26.26,25.59,-,-0.65%
2011-10-10,26.16,25.44,26.62,25.4,-,3.52%
2011-10-07,25.26,24.78,25.68,24.61,-,2.23%
2011-10-06,24.72,24.92,25.4,24.51,-,-0.68%
2011-10-05,24.89,24.93,25.47,24.58,-,0.32%
2011-10-04,24.81,24.72,24.95,24.32,-,-0.30%
2011-10-03,24.88,25.28,25.28,24.42,-,-2.30%
2011-09-30,25.47,25.83,25.83,25.1,-,-1.93%
2011-09-29,25.97,24.39,26.4,24.36,-,6.83%
2011-09-28,24.31,24.79,25.39,24.26,-,-2.43%
2011-09-27,24.91,24.26,24.95,24.26,-,2.62%
2011-09-26,24.27,24.1,24.86,24.06,-,-2.96%
2011-09-23,25.01,25.68,25.8,24.8,-,-2.95%
2011-09-22,25.77,26.65,26.66,25.32,-,-3.61%
2011-09-21,26.74,27.64,27.72,26.61,-,-3.13%
2011-09-20,27.6,27.89,28.14,27.26,-,-0.81%
2011-09-19,27.83,27.7,28.06,27.41,-,1.05%
2011-09-16,27.54,29.27,29.36,27.44,-,-5.57%
2011-09-15,29.17,29.75,29.93,29.17,-,-1.74%
2011-09-14,29.68,29.47,29.77,29.01,-,0.83%
2011-09-13,29.43,29.59,29.91,29.33,-,-0.83%
2011-09-12,29.68,28.98,30.2,28.75,-,2.01%
2011-09-09,29.09,28.75,29.4,28.53,-,1.18%
2011-09-08,28.75,28.38,29.07,28.27,-,1.23%
2011-09-07,28.41,28.43,29,28.31,-,0.50%
2011-09-06,28.26,28.83,28.97,28.1,-,-3.38%
2011-09-05,29.25,29.25,29.25,29.25,-,0.10%
2011-09-02,29.23,29.66,29.66,28.85,-,-1.33%
2011-09-01,29.62,29.74,29.92,29.12,-,-0.34%
2011-08-31,29.72,29.54,30.22,29.44,-,0.05%
2011-08-30,29.7,29.95,30.39,29.29,-,-0.92%
2011-08-29,29.98,30.14,30.25,29.8,-,-0.15%
2011-08-26,30.02,29.62,30.25,29.17,-,1.66%
2011-08-25,29.53,29.89,30.07,28.93,-,-0.92%
2011-08-24,29.81,30.76,31.84,29.76,-,-3.20%
2011-08-23,30.8,30.76,31.41,30.62,-,0.52%
2011-08-22,30.64,30.92,31.6,30.58,-,-0.52%
2011-08-19,30.8,28.79,31.18,28.67,-,5.93%
2011-08-18,29.07,29.43,29.43,28.72,-,-1.19%
2011-08-17,29.42,28.18,29.52,28.02,-,4.49%
2011-08-16,28.16,27.39,28.48,27.22,-,2.66%
2011-08-15,27.42,28.03,28.15,27.42,-,-1.77%
2011-08-12,27.92,28.01,28.16,27.26,-,-0.61%
2011-08-11,28.09,27.91,28.68,27.2,-,2.03%
2011-08-10,27.53,27.82,28.12,26.82,-,0.49%
2011-08-09,27.4,27.21,28.32,26.5,-,1.86%
2011-08-08,26.9,27.3,27.45,26.4,-,-1.99%
2011-08-05,27.44,27.83,27.96,27.29,-,-2.02%
2011-08-04,28,27.97,28.15,27,-,0.47%
2011-08-03,27.88,28.47,28.56,27.23,-,-2.45%
2011-08-02,28.58,29.08,29.09,28.07,-,-1.58%
2011-08-01,29.03,30.11,30.59,28.92,-,-2.26%
2011-07-29,29.7,29.83,30.22,29.24,-,-0.74%
2011-07-28,29.92,31.05,31.27,29.8,-,-3.99%
2011-07-27,31.17,31.15,31.44,30.67,-,-0.02%
2011-07-26,31.17,30.98,31.44,30.32,-,1.12%
2011-07-25,30.83,31.23,31.68,30.58,-,-1.86%
2011-07-22,31.42,30,31.55,29.94,-,5.42%
2011-07-21,29.8,28.78,30.4,28.78,-,3.51%
2011-07-20,28.79,28.83,29.17,28.7,-,-0.12%
2011-07-19,28.83,29.22,29.42,28.33,-,-0.72%
2011-07-18,29.03,28.76,29.1,28.26,-,0.55%
2011-07-15,28.88,28.91,29.94,28.5,-,-0.16%
2011-07-14,28.92,30.14,30.2,28.83,-,-4.14%
2011-07-13,30.17,30.38,31.32,30,-,-0.89%
2011-07-12,30.44,28.74,30.61,28.42,-,4.89%
2011-07-11,29.02,28.95,29.34,28.65,-,0.22%
2011-07-08,28.95,29.58,29.74,28.76,-,-1.98%
2011-07-07,29.54,27.81,29.69,27.75,-,6.68%
2011-07-06,27.69,27.6,27.74,27,-,-0.63%
2011-07-05,27.86,27.32,28.32,27.19,-,1.99%
2011-07-04,27.32,27.32,27.32,27.32,-,-0.02%
2011-07-01,27.33,26.24,27.45,25.68,-,4.10%
2011-06-30,26.25,26.94,27.3,25.51,-,-1.89%
2011-06-29,26.75,26.98,27.27,26.34,-,-0.93%
2011-06-28,27,25.92,27.22,25.92,-,4.33%
2011-06-27,25.89,25.62,25.97,25.18,-,-5.60%
2011-06-24,27.42,27.48,27.73,27.22,-,-0.40%
2011-06-23,27.53,27.16,27.65,25.7,-,0.88%
2011-06-22,27.29,27.27,27.34,26.92,-,-0.37%
2011-06-21,27.39,27.41,27.54,26.86,-,-0.31%
2011-06-20,27.48,26.26,27.57,26.23,-,4.19%
2011-06-17,26.37,25.89,26.41,25.72,-,2.19%
2011-06-16,25.81,24.92,25.95,24.6,-,2.91%
2011-06-15,25.08,25.22,25.5,25.01,-,0.08%
2011-06-14,25.06,25.5,25.73,24.93,-,-1.57%
2011-06-13,25.45,25.58,26.16,25.29,-,-0.82%
2011-06-10,25.67,24.87,25.7,24.83,-,2.89%
2011-06-09,24.94,24.81,25.08,24.52,-,0.32%
2011-06-08,24.86,24.26,25.17,24.12,-,2.05%
2011-06-07,24.36,23.69,24.48,23.67,-,2.83%
2011-06-06,23.69,23.85,24.06,23.51,-,-0.25%
2011-06-03,23.75,23.64,24.21,23.52,-,0.30%
2011-06-02,23.68,22.59,23.73,22.56,-,5.36%
2011-06-01,22.48,23.17,23.51,22.35,-,-3.17%
2011-05-31,23.22,23,23.36,22.85,-,1.51%
2011-05-27,22.87,22.8,23.15,22.69,-,0.66%
2011-05-26,22.72,22.7,22.84,22.19,-,0.69%
2011-05-25,22.57,21.95,22.89,21.83,-,2.48%
2011-05-24,22.02,21.66,22.35,21.66,-,1.62%
2011-05-23,21.67,22.25,22.25,21.33,-,-3.37%
2011-05-20,22.42,21.85,22.53,21.67,-,2.51%
2011-05-19,21.88,22.59,22.67,21.72,-,-3.74%
2011-05-18,22.73,21.98,22.92,21.98,-,3.13%
2011-05-17,22.03,21.82,22.03,21.1,-,0.92%
2011-05-16,21.83,21.48,21.99,21.34,-,1.70%
2011-05-13,21.47,21.64,22.09,21.26,-,-0.81%
2011-05-12,21.65,21.02,21.68,20.61,-,2.95%
2011-05-11,21.02,21.96,21.98,20.8,-,-3.18%
2011-05-10,21.72,21.14,22.25,21.06,-,2.99%
2011-05-09,21.08,20.6,21.12,20.6,-,3.08%
2011-05-06,20.45,20.73,21.36,20.41,-,-1.80%
2011-05-05,20.83,21.33,21.4,20.51,-,-2.37%
2011-05-04,21.33,21.92,22,21.33,-,-2.89%
2011-05-03,21.97,21.94,22.42,21.67,-,-0.14%
2011-05-02,22,22.18,22.2,21.45,-,-0.86%
2011-04-29,22.19,22.49,22.59,21.75,-,-1.79%
2011-04-28,22.59,22.78,22.86,21.95,-,-0.26%
2011-04-27,22.66,23.2,23.24,22.61,-,-2.50%
2011-04-26,23.24,25.09,25.09,23.18,-,-7.30%
2011-04-25,25.07,25.56,25.59,25,-,-1.63%
2011-04-22,25.48,25.48,25.48,25.48,-,0.04%
2011-04-21,25.47,25.17,25.51,24.82,-,1.66%
2011-04-20,25.06,24.46,25.3,24.46,-,2.83%
2011-04-19,24.36,24.38,24.71,24.16,-,-0.14%
2011-04-18,24.4,24.71,24.87,24,-,-0.55%
2011-04-15,24.53,24.5,25.08,24.38,-,0.53%
2011-04-14,24.41,24.83,25.05,24.38,-,-1.69%
2011-04-13,24.83,25.64,25.92,24.73,-,-2.70%
2011-04-12,25.51,25.94,26.39,25.48,-,-1.88%
2011-04-11,26,25.82,26.25,25.77,-,0.87%
2011-04-08,25.78,26.53,26.77,25.51,-,-2.59%
2011-04-07,26.47,26.73,26.98,26.2,-,-1.16%
2011-04-06,26.77,27.53,27.74,26.58,-,-2.72%
2011-04-05,27.52,27.86,28.07,27.43,-,-1.52%
2011-04-04,27.95,27.51,28.12,27.51,-,1.88%
2011-04-01,27.43,27.16,27.75,26.95,-,1.22%
2011-03-31,27.1,27.36,27.64,26.75,-,-0.81%
2011-03-30,27.33,26.95,27.36,26.28,-,1.41%
2011-03-29,26.94,27.19,27.67,26.83,-,-1.01%
2011-03-28,27.22,27.81,27.99,26.84,-,-2.59%
2011-03-25,27.94,27.4,28,27.06,-,2.01%
2011-03-24,27.4,26.58,27.8,26.35,-,3.36%
2011-03-23,26.5,27.4,27.5,26.5,-,-2.89%
2011-03-22,27.3,27.4,27.5,26.4,-,-1.00%
2011-03-21,27.57,27.77,28.18,27.25,-,-0.31%
2011-03-18,27.66,27.15,27.74,26.95,-,3.62%
2011-03-17,26.69,25.87,27,25.87,-,3.31%
2011-03-16,25.83,26.07,26.61,25.8,-,0.54%
2011-03-15,25.69,27.76,27.76,25.48,-,-7.89%
2011-03-14,27.9,28.56,28.76,27.44,-,-3.56%
2011-03-11,28.92,28.69,29.09,27.86,-,0.68%
2011-03-10,28.73,30.25,30.38,28.57,-,-5.54%
2011-03-09,30.42,30.83,30.97,29.83,-,-1.27%
2011-03-08,30.81,30.06,31.05,29.75,-,2.26%
2011-03-07,30.12,29.98,30.39,29.7,-,0.80%
2011-03-04,29.89,30.6,30.76,29.03,-,-2.29%
2011-03-03,30.58,30.4,30.74,29.89,-,0.48%
2011-03-02,30.44,29.25,30.6,29.22,-,3.59%
2011-03-01,29.39,29.41,29.41,28.58,-,-0.46%
2011-02-28,29.52,28.77,29.54,28.76,-,2.34%
2011-02-25,28.84,27.92,28.9,27.27,-,3.70%
2011-02-24,27.82,27.36,27.97,26.98,-,1.87%
2011-02-23,27.31,28.5,28.52,27.05,-,-11.83%
2011-02-22,30.97,31.4,31.87,30.83,-,-0.42%
2011-02-18,31.1,31.28,31.49,30.81,-,-0.70%
2011-02-17,31.32,31.61,31.93,30.85,-,-0.81%
2011-02-16,31.58,31.08,32.35,31.07,-,1.90%
2011-02-15,30.99,30.73,31.08,30.21,-,1.23%
2011-02-14,30.61,31.12,31.61,29.97,-,-1.73%
2011-02-11,31.15,32.17,32.64,30.84,-,-3.11%
2011-02-10,32.15,31.79,33.07,31.79,-,1.10%
2011-02-09,31.8,31.2,31.92,30.44,-,2.22%
2011-02-08,31.11,32.62,32.86,31.08,-,-4.60%
2011-02-07,32.61,33,33.38,32.56,-,-1.18%
2011-02-04,33,32.12,33.23,31.86,-,2.74%
2011-02-03,32.12,35.44,35.6,31.8,-,-8.83%
2011-02-02,35.23,34.13,35.94,34.03,-,3.74%
2011-02-01,33.96,33.94,34.32,33.47,-,0.38%
2011-01-31,33.83,33.97,34.02,32.61,-,-0.21%
2011-01-28,33.9,34.17,34.5,33.56,-,-0.91%
2011-01-27,34.21,33,34.53,32.77,-,3.32%
2011-01-26,33.11,32,33.16,31.75,-,3.92%
2011-01-25,31.86,32.17,32.24,31.19,-,-1.36%
2011-01-24,32.3,32.39,32.64,32.05,-,-0.19%
2011-01-23,32.36,32.36,32.36,32.36,-,0.00%
2011-01-21,32.36,31.35,32.37,31.15,-,3.06%
2011-01-20,31.4,31.16,31.4,30.04,-,0.83%
2011-01-19,31.14,31.13,31.76,30.9,-,0.55%
2011-01-18,30.97,30.77,31.53,30.54,-,0.65%
2011-01-17,30.77,30.77,30.77,30.77,-,-0.03%
2011-01-14,30.78,32.18,32.23,30.37,-,-4.20%
2011-01-13,32.13,32.07,32.27,31.23,-,0.63%
2011-01-12,31.93,32.74,33.33,30.97,-,-2.06%
2011-01-11,32.6,31.79,32.92,31.67,-,2.68%
2011-01-10,31.75,31.64,31.96,30.88,-,0.79%
2011-01-07,31.5,30.33,32.03,29.59,-,3.69%
2011-01-06,30.38,32.23,32.23,30.11,-,-5.24%
2011-01-05,32.06,31.05,32.34,30.47,-,2.99%
2011-01-04,31.13,32.28,33.45,30.39,-,-2.66%
2011-01-03,31.98,31.98,31.98,31.98,-,0.13%
2010-12-31,31.94,30.34,32.24,30.26,-,5.27%
2010-12-30,30.34,33.88,34.36,29.53,-,-9.78%
2010-12-29,33.63,34.5,34.73,33.57,-,-2.41%
2010-12-28,34.46,33.82,34.59,33.81,-,2.29%
2010-12-27,33.69,33.97,33.97,33.26,-,-0.50%
2010-12-24,33.86,33.86,33.86,33.86,-,0.15%
2010-12-23,33.81,33.24,34.05,33.22,-,1.71%
2010-12-22,33.24,32.66,33.29,32.06,-,1.96%
2010-12-21,32.6,32.88,33.65,32.53,-,-0.24%
2010-12-20,32.68,32.89,33.47,32.64,-,-0.40%
2010-12-17,32.81,31.34,32.96,31.25,-,5.33%
2010-12-16,31.15,31.25,31.39,30.85,-,-0.26%
2010-12-15,31.23,30.49,31.23,30.14,-,2.06%
2010-12-14,30.6,30.66,31.25,30.52,-,0.23%
2010-12-13,30.53,29.22,30.53,29.22,-,4.66%
2010-12-12,29.17,29.17,29.17,29.17,-,-0.03%
2010-12-10,29.18,28.65,29.18,28.02,-,1.74%
2010-12-09,28.68,29.03,29.45,28.52,-,-1.54%
2010-12-08,29.13,28.43,29.13,27.89,-,2.35%
2010-12-07,28.46,29.34,29.74,28.28,-,-2.30%
2010-12-06,29.13,29.57,29.59,28.83,-,-1.45%
2010-12-03,29.56,28.37,29.63,28.37,-,4.16%
2010-12-02,28.38,28.75,28.9,27.77,-,-0.87%
2010-12-01,28.63,27.74,28.69,27.74,-,4.22%
2010-11-30,27.47,28.66,28.83,27.03,-,-3.38%
2010-11-29,28.43,28.52,28.68,28.15,-,0.35%
2010-11-26,28.33,27.79,28.39,27.26,-,0.93%
2010-11-24,28.07,27.36,28.19,27.02,-,2.78%
2010-11-23,27.31,26.81,27.43,25.45,-,1.37%
2010-11-22,26.94,26.81,27.37,25.91,-,2.90%
2010-11-19,26.18,28.37,29.14,26,-,-7.39%
2010-11-18,28.27,26.46,28.88,26.46,-,6.88%
2010-11-17,26.45,26.35,27.22,25.32,-,0.30%
2010-11-16,26.37,26.97,27.78,25.92,-,-2.22%
2010-11-15,26.97,26.31,27.23,25.7,-,2.66%
2010-11-12,26.27,29.16,29.16,25.68,-,-9.82%
2010-11-11,29.13,32.86,33.36,29.08,-,-11.08%
2010-11-10,32.76,32.97,33.14,31.96,-,-1.09%
2010-11-09,33.12,32.04,33.31,32.02,-,3.63%
2010-11-08,31.96,31.46,32.23,31.39,-,0.95%
2010-11-05,31.66,31.97,32.27,30.69,-,-0.25%
2010-11-04,31.74,30.4,31.8,30.4,-,5.00%
2010-11-03,30.23,30.33,30.52,29.59,-,0.30%
2010-11-02,30.14,29.59,30.62,29.56,-,2.20%
2010-11-01,29.49,29.28,29.63,28.93,-,1.10%
2010-10-29,29.17,28.51,29.79,28.24,-,1.53%
2010-10-28,28.73,28.82,29.59,28.64,-,-0.66%
2010-10-27,28.92,27.91,28.92,27.42,-,3.58%
2010-10-26,27.92,28.57,28.58,27.57,-,-2.14%
2010-10-25,28.53,28.44,28.92,28.41,-,1.28%
2010-10-22,28.17,28.47,28.78,27.82,-,-1.23%
2010-10-21,28.52,28.86,29.23,28.18,-,-1.25%
2010-10-20,28.88,28.25,29.14,28.21,-,2.89%
2010-10-19,28.07,27.32,28.68,27.18,-,2.22%
2010-10-18,27.46,26.89,27.66,26.51,-,1.78%
2010-10-15,26.98,27.88,28.07,26.88,-,-2.95%
2010-10-14,27.8,27.52,28.35,26.9,-,1.39%
2010-10-13,27.42,27.79,28.04,27.03,-,-0.80%
2010-10-12,27.64,26.62,27.69,25.91,-,3.71%
2010-10-11,26.65,26.39,27.23,26.29,-,1.64%
2010-10-08,26.22,25.13,26.67,25.13,-,3.88%
2010-10-07,25.24,23.55,25.4,23.55,-,7.59%
2010-10-06,23.46,23.75,23.82,23.31,-,-1.55%
2010-10-05,23.83,22.88,23.83,22.88,-,4.33%
2010-10-04,22.84,23.31,23.37,22.5,-,-2.06%
2010-10-01,23.32,23.73,23.81,22.79,-,-1.31%
2010-09-30,23.63,24.97,24.97,23.28,-,-5.29%
2010-09-29,24.95,25.27,25.27,24.53,-,-1.19%
2010-09-28,25.25,25.02,25.35,24.6,-,0.92%
2010-09-27,25.02,25.31,26.33,25.02,-,-1.42%
2010-09-24,25.38,24.64,25.5,24.61,-,3.05%
2010-09-23,24.63,24.3,24.75,24.13,-,1.44%
2010-09-22,24.28,23.93,24.51,23.71,-,2.15%
2010-09-21,23.77,24.41,24.45,23.52,-,-2.42%
2010-09-20,24.36,24.85,25.45,24.18,-,-1.69%
2010-09-17,24.78,24.49,24.99,24.35,-,1.47%
2010-09-16,24.42,23.73,24.67,23.39,-,3.17%
2010-09-15,23.67,24.38,24.87,23.34,-,-2.51%
2010-09-14,24.28,23.41,24.51,23.4,-,3.50%
2010-09-13,23.46,22.61,23.49,22.6,-,3.76%
2010-09-12,22.61,22.61,22.61,22.61,-,-0.09%
2010-09-10,22.63,22.59,23.3,22.23,-,0.44%
2010-09-09,22.53,21.36,22.67,21.35,-,5.23%
2010-09-08,21.41,21.53,21.74,21.28,-,-0.28%
2010-09-07,21.47,20.73,21.51,20.73,-,3.52%
2010-09-06,20.74,20.74,20.74,20.74,-,0.00%
2010-09-05,20.74,20.74,20.74,20.74,-,0.05%
2010-09-03,20.73,20.74,20.91,20.54,-,0.05%
2010-09-02,20.72,20.43,20.94,20.29,-,1.62%
2010-09-01,20.39,19.82,20.54,19.77,-,3.24%
2010-08-31,19.75,19.76,20.25,19.63,-,-0.25%
2010-08-30,19.8,19.97,20.13,19.51,-,-0.75%
2010-08-29,19.95,19.95,19.95,19.95,-,0.00%
2010-08-27,19.95,19.33,20.31,19.27,-,3.42%
2010-08-26,19.29,19.95,20.04,19.25,-,-2.92%
2010-08-25,19.87,20.02,20.36,19.74,-,-1.05%
2010-08-24,20.08,20.04,20.2,19.1,-,0.05%
2010-08-23,20.07,19.89,20.12,19.87,-,1.16%
2010-08-22,19.84,19.84,19.84,19.84,-,0.10%
2010-08-20,19.82,19.47,20.08,19.46,-,1.64%
2010-08-19,19.5,19.55,19.65,19.26,-,-0.05%
2010-08-18,19.51,19.35,19.67,18.99,-,0.36%
2010-08-17,19.44,18.86,19.5,18.73,-,3.08%
2010-08-16,18.86,19.39,19.72,18.84,-,-2.56%
2010-08-15,19.35,19.35,19.35,19.35,-,0.03%
2010-08-13,19.35,19.12,19.46,18.73,-,2.95%
2010-08-12,18.8,17.76,19.16,17.76,-,5.80%
2010-08-11,17.76,18.51,18.65,17.76,-,-1.06%
2010-08-10,17.95,16.65,18.75,16.65,-,7.87%
2010-08-09,16.65,17.86,18.7,16.65,-,-6.91%
2010-08-08,17.88,18.1,18.1,17.18,-,-1.22%
2010-08-06,18.1,18.38,18.6,17.92,-,-2.29%
2010-08-05,18.52,18.77,19.11,18.23,-,-1.85%
2010-08-04,18.88,18.52,19.12,17.96,-,1.75%
2010-08-03,18.55,19.33,19.34,17.42,-,4.30%
2010-08-02,17.78,19.62,19.87,17.78,-,0.71%
2010-08-01,17.66,19.31,19.31,17.66,-,-8.54%
2010-07-30,19.31,19.48,19.64,19.2,-,14.60%
2010-07-27,16.85,18.66,19.05,16.85,-,-9.58%
2010-07-26,18.64,18.45,18.64,18.26,-,1.55%
2010-07-25,18.35,18.35,18.35,18.35,-,0.00%
2010-07-23,18.35,18.38,18.66,18.1,-,-0.60%
2010-07-22,18.46,17.48,18.56,17.42,-,5.58%
2010-07-21,17.49,17.32,17.6,16.98,-,0.72%
2010-07-20,17.36,17.4,17.62,17.25,-,5.05%
2010-07-19,16.52,17.2,17.63,16.52,-,-3.92%
2010-07-18,17.2,17.12,17.2,16.25,-,0.44%
2010-07-16,17.12,16.5,17.61,16.5,-,2.54%
2010-07-15,16.7,16.99,17.45,16.7,-,-1.91%
2010-07-14,17.02,17.83,17.83,16.84,-,-1.76%
2010-07-13,17.33,17.04,17.33,16.81,-,0.46%
2010-07-12,17.25,16.59,17.25,16.59,-,3.14%
2010-07-11,16.73,16.73,16.73,16.73,-,-0.30%
2010-07-09,16.77,17.12,17.4,16.57,-,-1.76%
2010-07-08,17.08,16.75,17.3,16.75,-,0.89%
2010-07-07,16.92,16.57,17.14,16.42,-,2.58%
2010-07-06,16.5,16.8,16.98,16.44,-,-3.51%
2010-07-05,17.1,16.44,17.1,16.44,-,4.01%
2010-07-04,16.44,16.44,16.44,16.44,-,0.00%
2010-07-02,16.44,15.83,16.72,15.83,-,3.66%
2010-07-01,15.86,16.09,16.3,15.66,-,-1.03%
2010-06-30,16.02,14.59,16.12,14.59,-,5.12%
2010-06-29,15.24,15.64,15.86,15.13,-,-3.76%
2010-06-28,15.84,16.54,16.68,15.71,-,-3.06%
2010-06-25,16.34,16.26,16.48,16.04,-,0.74%
2010-06-24,16.22,16.09,16.22,15.67,-,0.43%
2010-06-23,16.15,16.16,16.74,16.12,-,0.00%
2010-06-22,16.15,15.95,16.3,15.95,-,0.78%
2010-06-21,16.02,15.49,16.31,15.34,-,3.05%
2010-06-18,15.55,15.79,15.93,15.3,-,-0.92%
2010-06-17,15.69,16.2,16.26,15.69,-,-2.67%
2010-06-16,16.12,16.13,16.38,15.92,-,-0.03%
2010-06-15,16.13,16.04,16.3,15.88,-,0.50%
2010-06-14,16.05,15.45,16.15,15.45,-,2.72%
2010-06-13,15.62,15.62,15.62,15.62,-,-0.95%
2010-06-11,15.77,15.15,15.94,15.15,-,3.07%
2010-06-10,15.31,15.15,15.59,14.97,-,0.99%
2010-06-09,15.15,14.85,15.41,14.77,-,2.09%
2010-06-08,14.85,14.29,15.02,14.27,-,3.88%
2010-06-07,14.29,14.51,14.58,14.21,-,-1.52%
2010-06-04,14.51,14.08,14.71,14.01,-,3.05%
2010-06-03,14.08,13.97,14.32,13.97,-,1.77%
2010-06-02,13.84,14.3,14.45,13.78,-,-4.68%
2010-06-01,14.52,14.25,14.6,14.11,-,1.86%
2010-05-31,14.25,14.25,14.25,14.25,-,0.00%
2010-05-28,14.25,14.98,15.04,14.15,-,-5.54%
2010-05-27,15.09,15.43,15.53,14.83,-,-1.89%
2010-05-26,15.38,15.24,15.61,15.07,-,0.85%
2010-05-25,15.24,14.94,15.57,14.69,-,0.43%
2010-05-24,15.18,15.65,15.75,15.03,-,-2.82%
2010-05-21,15.62,14.97,15.71,14.93,-,4.94%
2010-05-20,14.89,15.05,15.24,14.76,-,-0.63%
2010-05-19,14.98,14.52,15.1,14.43,-,1.90%
2010-05-18,14.7,14.12,14.83,14.04,-,7.38%
2010-05-17,13.69,13.9,14.51,13.69,-,-1.72%
2010-05-16,13.93,15.14,15.14,13.93,-,-1.38%
2010-05-14,14.12,14.71,14.8,13.89,-,-3.98%
2010-05-13,14.71,14.7,14.82,14.47,-,1.10%
2010-05-12,14.55,13.84,14.7,13.77,-,5.66%
2010-05-11,13.77,14.1,14.18,13.68,-,-3.57%
2010-05-10,14.28,15.52,15.52,13.89,-,3.48%
2010-05-07,13.8,13.96,13.98,13.02,-,-0.36%
2010-05-06,13.85,14.34,14.44,13.55,-,-3.75%
2010-05-05,14.39,14.73,14.74,13.85,-,-1.81%
2010-05-04,14.65,15.13,15.13,14.41,-,-1.97%
2010-05-03,14.95,14.89,15.49,14.88,-,-1.77%
2010-04-30,15.22,15.44,15.5,15.11,-,-1.81%
2010-04-29,15.5,15.05,15.5,14.9,-,2.99%
2010-04-28,15.05,15.46,15.57,14.82,-,-2.78%
2010-04-27,15.48,15.86,15.86,15.28,-,-2.89%
2010-04-26,15.94,15.83,15.99,15.56,-,-0.31%
2010-04-25,15.99,15.99,15.99,15.99,-,2.50%
2010-04-23,15.6,16.14,16.39,15.48,-,-3.11%
2010-04-22,16.1,16.76,16.95,16.05,-,-2.13%
2010-04-21,16.45,16.73,16.91,16.35,-,-2.08%
2010-04-20,16.8,17.85,18.11,16.49,-,-2.15%
2010-04-19,17.17,16.09,17.17,15.89,-,6.98%
2010-04-16,16.05,16.8,17.22,15.92,-,-5.25%
2010-04-15,16.94,17.59,17.69,16.48,-,-3.31%
2010-04-14,17.52,17.13,17.75,17.01,-,2.04%
2010-04-13,17.17,16.64,17.25,16.64,-,2.75%
2010-04-12,16.71,16.44,17.35,16.42,-,2.26%
2010-04-09,16.34,15.93,16.42,15.81,-,3.16%
2010-04-08,15.84,16.08,16.44,15.81,-,-2.16%
2010-04-07,16.19,15.89,16.29,15.74,-,1.25%
2010-04-06,15.99,16.41,16.67,15.81,-,-2.32%
2010-04-05,16.37,16.73,17.18,16.27,-,-1.86%
2010-04-01,16.68,16.6,16.89,15.47,-,0.79%
2010-03-31,16.55,17.95,17.99,16.46,-,-7.90%
2010-03-30,17.97,17.54,18.23,17.38,-,2.57%
2010-03-29,17.52,16.92,17.55,16.92,-,3.61%
2010-03-26,16.91,17.13,17.44,16.43,-,-1.28%
2010-03-25,17.13,17.81,17.89,17.02,-,-3.93%
2010-03-24,17.83,16.67,17.88,16.19,-,7.15%
2010-03-23,16.64,17.75,17.75,16.43,-,-5.72%
2010-03-22,17.65,18.69,18.85,17.61,-,-5.46%
2010-03-19,18.67,18.61,18.85,18.26,-,-1.84%
2010-03-18,19.02,18.38,19.07,18.34,-,3.65%
2010-03-17,18.35,18.35,18.4,17.67,-,0.22%
2010-03-16,18.31,19.2,19.37,18.03,-,-4.39%
2010-03-15,19.15,19.82,19.89,19.14,-,-3.28%
2010-03-12,19.8,19.29,19.99,19.23,-,3.45%
2010-03-11,19.14,19.56,20.07,19.08,-,-1.49%
2010-03-10,19.43,20.22,20.36,18.85,-,-4.00%
2010-03-09,20.24,21.65,21.65,20.24,-,-6.47%
2010-03-08,21.64,22.25,22.39,21.22,-,-2.74%
2010-03-05,22.25,21.85,22.25,21.64,-,2.39%
2010-03-04,21.73,21.97,22.28,21.25,-,-1.36%
2010-03-03,22.03,22.54,22.8,21.94,-,-2.13%
2010-03-02,22.51,22.35,22.7,21.13,-,1.08%
2010-03-01,22.27,23.69,24,22.03,-,-5.95%
2010-02-26,23.68,23.85,24.09,23.27,-,0.04%
2010-02-25,23.67,24.3,24.3,23.41,-,-2.99%
2010-02-24,24.4,23.62,24.5,23.59,-,3.30%
2010-02-23,23.62,24.92,24.92,23.49,-,-5.25%
2010-02-22,24.93,26.82,26.82,24.72,-,-7.08%
2010-02-19,26.83,26.44,26.89,26.31,-,0.94%
2010-02-18,26.58,25.79,26.63,25.49,-,1.41%
2010-02-17,26.21,27.03,27.17,26.02,-,-3.92%
2010-02-16,27.28,27.51,27.72,27.12,-,1.19%
2010-02-12,26.96,27.61,27.94,26.73,-,-2.03%
2010-02-11,27.52,26.77,27.66,26.56,-,2.76%
2010-02-10,26.78,26.97,27.21,26.42,-,-0.33%
2010-02-09,26.87,26.96,27.43,26.73,-,-0.30%
2010-02-08,26.95,26.56,27.12,26.34,-,2.12%
2010-02-05,26.39,27.57,28.03,25.72,-,-4.42%
2010-02-04,27.61,28.34,28.53,27.61,-,-3.19%
2010-02-03,28.52,29.52,29.62,28.45,-,-3.26%
2010-02-02,29.48,29.34,29.81,28.91,-,0.75%
2010-02-01,29.26,29.91,30.32,29.2,-,-1.12%
2010-01-31,29.59,29.59,29.59,29.59,-,-0.07%
2010-01-29,29.61,29.23,30.33,29.2,-,0.75%
2010-01-28,29.39,28.47,29.39,28.46,-,3.85%
2010-01-27,28.3,29.21,29.39,28.17,-,-3.05%
2010-01-26,29.19,29.75,30.01,29.19,-,-1.85%
2010-01-25,29.74,28.65,30.05,28.45,-,3.84%
2010-01-22,28.64,28.82,29.28,28.48,-,-0.62%
2010-01-21,28.82,29.21,29.82,28.82,-,-0.10%
2010-01-20,28.85,28.96,29.44,28.58,-,-0.35%
2010-01-19,28.95,27.8,29.05,27.8,-,4.14%
2010-01-18,27.8,27.8,27.8,27.8,-,0.04%
2010-01-15,27.79,27.77,27.82,27.33,-,0.04%
2010-01-14,27.78,28.04,28.33,27.71,-,-0.93%
2010-01-13,28.04,27.62,28.27,27.41,-,1.52%
2010-01-12,27.62,26.94,27.97,26.87,-,2.52%
2010-01-11,26.94,27.37,27.72,26.72,-,-1.57%
2010-01-08,27.37,28.04,28.34,27.32,-,-2.39%
2010-01-07,28.04,28.41,28.94,27.92,-,-1.34%
2010-01-06,28.42,27.57,28.53,27.32,-,3.05%
2010-01-05,27.58,27.51,28.35,27.34,-,0.29%
